source,domain,kind,rel_path,abs_path,file_name,size_bytes
atp,tour,matches,tennis_atp/atp_matches_1968.csv,/Users/ajitbehera/Tennis Mater Project/data(github)/tennis_atp/atp_matches_1968.csv,atp_matches_1968.csv,673978
atp,tour,matches,tennis_atp/atp_matches_1969.csv,/Users/ajitbehera/Tennis Mater Project/data(github)/tennis_atp/atp_matches_1969.csv,atp_matches_1969.csv,494788
atp,tour,matches,tennis_atp/atp_matches_1970.csv,/Users/ajitbehera/Tennis Mater Project/data(github)/tennis_atp/atp_matches_1970.csv,atp_matches_1970.csv,512410
atp,tour,matches,tennis_atp/atp_matches_1971.csv,/Users/ajitbehera/Tennis Mater Project/data(github)/tennis_atp/atp_matches_1971.csv,atp_matches_1971.csv,566131
atp,tour,matches,tennis_atp/atp_matches_1972.csv,/Users/ajitbehera/Tennis Mater Project/data(github)/tennis_atp/atp_matches_1972.csv,atp_matches_1972.csv,563440
atp,tour,matches,tennis_atp/atp_matches_1973.csv,/Users/ajitbehera/Tennis Mater Project/data(github)/tennis_atp/atp_matches_1973.csv,atp_matches_1973.csv,676606
atp,tour,matches,tennis_atp/atp_matches_1974.csv,/Users/ajitbehera/Tennis Mater Project/data(github)/tennis_atp/atp_matches_1974.csv,atp_matches_1974.csv,671158
atp,tour,matches,tennis_atp/atp_matches_1975.csv,/Users/ajitbehera/Tennis Mater Project/data(github)/tennis_atp/atp_matches_1975.csv,atp_matches_1975.csv,664790
atp,tour,matches,tennis_atp/atp_matches_1976.csv,/Users/ajitbehera/Tennis Mater Project/data(github)/tennis_atp/atp_matches_1976.csv,atp_matches_1976.csv,623651
atp,tour,matches,tennis_atp/atp_matches_1977.csv,/Users/ajitbehera/Tennis Mater Project/data(github)/tennis_atp/atp_matches_1977.csv,atp_matches_1977.csv,658101
atp,tour,matches,tennis_atp/atp_matches_1978.csv,/Users/ajitbehera/Tennis Mater Project/data(github)/tennis_atp/atp_matches_1978.csv,atp_matches_1978.csv,614875
atp,tour,matches,tennis_atp/atp_matches_1979.csv,/Users/ajitbehera/Tennis Mater Project/data(github)/tennis_atp/atp_matches_1979.csv,atp_matches_1979.csv,632805
atp,tour,matches,tennis_atp/atp_matches_1980.csv,/Users/ajitbehera/Tennis Mater Project/data(github)/tennis_atp/atp_matches_1980.csv,atp_matches_1980.csv,640025
atp,tour,matches,tennis_atp/atp_matches_1981.csv,/Users/ajitbehera/Tennis Mater Project/data(github)/tennis_atp/atp_matches_1981.csv,atp_matches_1981.csv,625944
atp,tour,matches,tennis_atp/atp_matches_1982.csv,/Users/ajitbehera/Tennis Mater Project/data(github)/tennis_atp/atp_matches_1982.csv,atp_matches_1982.csv,655284
atp,tour,matches,tennis_atp/atp_matches_1983.csv,/Users/ajitbehera/Tennis Mater Project/data(github)/tennis_atp/atp_matches_1983.csv,atp_matches_1983.csv,563037
atp,tour,matches,tennis_atp/atp_matches_1984.csv,/Users/ajitbehera/Tennis Mater Project/data(github)/tennis_atp/atp_matches_1984.csv,atp_matches_1984.csv,531124
atp,tour,matches,tennis_atp/atp_matches_1985.csv,/Users/ajitbehera/Tennis Mater Project/data(github)/tennis_atp/atp_matches_1985.csv,atp_matches_1985.csv,558319
atp,tour,matches,tennis_atp/atp_matches_1986.csv,/Users/ajitbehera/Tennis Mater Project/data(github)/tennis_atp/atp_matches_1986.csv,atp_matches_1986.csv,534012
atp,tour,matches,tennis_atp/atp_matches_1987.csv,/Users/ajitbehera/Tennis Mater Project/data(github)/tennis_atp/atp_matches_1987.csv,atp_matches_1987.csv,583360
atp,tour,matches,tennis_atp/atp_matches_1988.csv,/Users/ajitbehera/Tennis Mater Project/data(github)/tennis_atp/atp_matches_1988.csv,atp_matches_1988.csv,615887
atp,tour,matches,tennis_atp/atp_matches_1989.csv,/Users/ajitbehera/Tennis Mater Project/data(github)/tennis_atp/atp_matches_1989.csv,atp_matches_1989.csv,592902
atp,tour,matches,tennis_atp/atp_matches_1990.csv,/Users/ajitbehera/Tennis Mater Project/data(github)/tennis_atp/atp_matches_1990.csv,atp_matches_1990.csv,630930
atp,tour,matches,tennis_atp/atp_matches_1991.csv,/Users/ajitbehera/Tennis Mater Project/data(github)/tennis_atp/atp_matches_1991.csv,atp_matches_1991.csv,743040
atp,tour,matches,tennis_atp/atp_matches_1992.csv,/Users/ajitbehera/Tennis Mater Project/data(github)/tennis_atp/atp_matches_1992.csv,atp_matches_1992.csv,760047
atp,tour,matches,tennis_atp/atp_matches_1993.csv,/Users/ajitbehera/Tennis Mater Project/data(github)/tennis_atp/atp_matches_1993.csv,atp_matches_1993.csv,779735
atp,tour,matches,tennis_atp/atp_matches_1994.csv,/Users/ajitbehera/Tennis Mater Project/data(github)/tennis_atp/atp_matches_1994.csv,atp_matches_1994.csv,787913
atp,tour,matches,tennis_atp/atp_matches_1995.csv,/Users/ajitbehera/Tennis Mater Project/data(github)/tennis_atp/atp_matches_1995.csv,atp_matches_1995.csv,762360
atp,tour,matches,tennis_atp/atp_matches_1996.csv,/Users/ajitbehera/Tennis Mater Project/data(github)/tennis_atp/atp_matches_1996.csv,atp_matches_1996.csv,757247
atp,tour,matches,tennis_atp/atp_matches_1997.csv,/Users/ajitbehera/Tennis Mater Project/data(github)/tennis_atp/atp_matches_1997.csv,atp_matches_1997.csv,730300
atp,tour,matches,tennis_atp/atp_matches_1998.csv,/Users/ajitbehera/Tennis Mater Project/data(github)/tennis_atp/atp_matches_1998.csv,atp_matches_1998.csv,725069
atp,tour,matches,tennis_atp/atp_matches_1999.csv,/Users/ajitbehera/Tennis Mater Project/data(github)/tennis_atp/atp_matches_1999.csv,atp_matches_1999.csv,673043
atp,tour,matches,tennis_atp/atp_matches_2000.csv,/Users/ajitbehera/Tennis Mater Project/data(github)/tennis_atp/atp_matches_2000.csv,atp_matches_2000.csv,680357
atp,tour,matches,tennis_atp/atp_matches_2001.csv,/Users/ajitbehera/Tennis Mater Project/data(github)/tennis_atp/atp_matches_2001.csv,atp_matches_2001.csv,669112
atp,tour,matches,tennis_atp/atp_matches_2002.csv,/Users/ajitbehera/Tennis Mater Project/data(github)/tennis_atp/atp_matches_2002.csv,atp_matches_2002.csv,649377
atp,tour,matches,tennis_atp/atp_matches_2003.csv,/Users/ajitbehera/Tennis Mater Project/data(github)/tennis_atp/atp_matches_2003.csv,atp_matches_2003.csv,649296
atp,tour,matches,tennis_atp/atp_matches_2004.csv,/Users/ajitbehera/Tennis Mater Project/data(github)/tennis_atp/atp_matches_2004.csv,atp_matches_2004.csv,662757
atp,tour,matches,tennis_atp/atp_matches_2005.csv,/Users/ajitbehera/Tennis Mater Project/data(github)/tennis_atp/atp_matches_2005.csv,atp_matches_2005.csv,659963
atp,tour,matches,tennis_atp/atp_matches_2006.csv,/Users/ajitbehera/Tennis Mater Project/data(github)/tennis_atp/atp_matches_2006.csv,atp_matches_2006.csv,660698
atp,tour,matches,tennis_atp/atp_matches_2007.csv,/Users/ajitbehera/Tennis Mater Project/data(github)/tennis_atp/atp_matches_2007.csv,atp_matches_2007.csv,644456
atp,tour,matches,tennis_atp/atp_matches_2008.csv,/Users/ajitbehera/Tennis Mater Project/data(github)/tennis_atp/atp_matches_2008.csv,atp_matches_2008.csv,631452
atp,tour,matches,tennis_atp/atp_matches_2009.csv,/Users/ajitbehera/Tennis Mater Project/data(github)/tennis_atp/atp_matches_2009.csv,atp_matches_2009.csv,626700
atp,tour,matches,tennis_atp/atp_matches_2010.csv,/Users/ajitbehera/Tennis Mater Project/data(github)/tennis_atp/atp_matches_2010.csv,atp_matches_2010.csv,614299
atp,tour,matches,tennis_atp/atp_matches_2011.csv,/Users/ajitbehera/Tennis Mater Project/data(github)/tennis_atp/atp_matches_2011.csv,atp_matches_2011.csv,611939
atp,tour,matches,tennis_atp/atp_matches_2012.csv,/Users/ajitbehera/Tennis Mater Project/data(github)/tennis_atp/atp_matches_2012.csv,atp_matches_2012.csv,610116
atp,tour,matches,tennis_atp/atp_matches_2013.csv,/Users/ajitbehera/Tennis Mater Project/data(github)/tennis_atp/atp_matches_2013.csv,atp_matches_2013.csv,596714
atp,tour,matches,tennis_atp/atp_matches_2014.csv,/Users/ajitbehera/Tennis Mater Project/data(github)/tennis_atp/atp_matches_2014.csv,atp_matches_2014.csv,589216
atp,tour,matches,tennis_atp/atp_matches_2015.csv,/Users/ajitbehera/Tennis Mater Project/data(github)/tennis_atp/atp_matches_2015.csv,atp_matches_2015.csv,594438
atp,tour,matches,tennis_atp/atp_matches_2016.csv,/Users/ajitbehera/Tennis Mater Project/data(github)/tennis_atp/atp_matches_2016.csv,atp_matches_2016.csv,617660
atp,tour,matches,tennis_atp/atp_matches_2017.csv,/Users/ajitbehera/Tennis Mater Project/data(github)/tennis_atp/atp_matches_2017.csv,atp_matches_2017.csv,611380
atp,tour,matches,tennis_atp/atp_matches_2018.csv,/Users/ajitbehera/Tennis Mater Project/data(github)/tennis_atp/atp_matches_2018.csv,atp_matches_2018.csv,608903
atp,tour,matches,tennis_atp/atp_matches_2019.csv,/Users/ajitbehera/Tennis Mater Project/data(github)/tennis_atp/atp_matches_2019.csv,atp_matches_2019.csv,586071
atp,tour,matches,tennis_atp/atp_matches_2020.csv,/Users/ajitbehera/Tennis Mater Project/data(github)/tennis_atp/atp_matches_2020.csv,atp_matches_2020.csv,307277
atp,tour,matches,tennis_atp/atp_matches_2021.csv,/Users/ajitbehera/Tennis Mater Project/data(github)/tennis_atp/atp_matches_2021.csv,atp_matches_2021.csv,573056
atp,tour,matches,tennis_atp/atp_matches_2022.csv,/Users/ajitbehera/Tennis Mater Project/data(github)/tennis_atp/atp_matches_2022.csv,atp_matches_2022.csv,608789
atp,tour,matches,tennis_atp/atp_matches_2023.csv,/Users/ajitbehera/Tennis Mater Project/data(github)/tennis_atp/atp_matches_2023.csv,atp_matches_2023.csv,625341
atp,tour,matches,tennis_atp/atp_matches_2024.csv,/Users/ajitbehera/Tennis Mater Project/data(github)/tennis_atp/atp_matches_2024.csv,atp_matches_2024.csv,650136
atp,tour,matches,tennis_atp/atp_matches_amateur.csv,/Users/ajitbehera/Tennis Mater Project/data(github)/tennis_atp/atp_matches_amateur.csv,atp_matches_amateur.csv,3936333
atp,tour,matches,tennis_atp/atp_matches_doubles_2000.csv,/Users/ajitbehera/Tennis Mater Project/data(github)/tennis_atp/atp_matches_doubles_2000.csv,atp_matches_doubles_2000.csv,417158
atp,tour,matches,tennis_atp/atp_matches_doubles_2001.csv,/Users/ajitbehera/Tennis Mater Project/data(github)/tennis_atp/atp_matches_doubles_2001.csv,atp_matches_doubles_2001.csv,411187
atp,tour,matches,tennis_atp/atp_matches_doubles_2002.csv,/Users/ajitbehera/Tennis Mater Project/data(github)/tennis_atp/atp_matches_doubles_2002.csv,atp_matches_doubles_2002.csv,392794
atp,tour,matches,tennis_atp/atp_matches_doubles_2003.csv,/Users/ajitbehera/Tennis Mater Project/data(github)/tennis_atp/atp_matches_doubles_2003.csv,atp_matches_doubles_2003.csv,371450
atp,tour,matches,tennis_atp/atp_matches_doubles_2004.csv,/Users/ajitbehera/Tennis Mater Project/data(github)/tennis_atp/atp_matches_doubles_2004.csv,atp_matches_doubles_2004.csv,382314
atp,tour,matches,tennis_atp/atp_matches_doubles_2005.csv,/Users/ajitbehera/Tennis Mater Project/data(github)/tennis_atp/atp_matches_doubles_2005.csv,atp_matches_doubles_2005.csv,371338
atp,tour,matches,tennis_atp/atp_matches_doubles_2006.csv,/Users/ajitbehera/Tennis Mater Project/data(github)/tennis_atp/atp_matches_doubles_2006.csv,atp_matches_doubles_2006.csv,375654
atp,tour,matches,tennis_atp/atp_matches_doubles_2007.csv,/Users/ajitbehera/Tennis Mater Project/data(github)/tennis_atp/atp_matches_doubles_2007.csv,atp_matches_doubles_2007.csv,380709
atp,tour,matches,tennis_atp/atp_matches_doubles_2008.csv,/Users/ajitbehera/Tennis Mater Project/data(github)/tennis_atp/atp_matches_doubles_2008.csv,atp_matches_doubles_2008.csv,379572
atp,tour,matches,tennis_atp/atp_matches_doubles_2009.csv,/Users/ajitbehera/Tennis Mater Project/data(github)/tennis_atp/atp_matches_doubles_2009.csv,atp_matches_doubles_2009.csv,381223
atp,tour,matches,tennis_atp/atp_matches_doubles_2010.csv,/Users/ajitbehera/Tennis Mater Project/data(github)/tennis_atp/atp_matches_doubles_2010.csv,atp_matches_doubles_2010.csv,409622
atp,tour,matches,tennis_atp/atp_matches_doubles_2011.csv,/Users/ajitbehera/Tennis Mater Project/data(github)/tennis_atp/atp_matches_doubles_2011.csv,atp_matches_doubles_2011.csv,405832
atp,tour,matches,tennis_atp/atp_matches_doubles_2012.csv,/Users/ajitbehera/Tennis Mater Project/data(github)/tennis_atp/atp_matches_doubles_2012.csv,atp_matches_doubles_2012.csv,411674
atp,tour,matches,tennis_atp/atp_matches_doubles_2013.csv,/Users/ajitbehera/Tennis Mater Project/data(github)/tennis_atp/atp_matches_doubles_2013.csv,atp_matches_doubles_2013.csv,398033
atp,tour,matches,tennis_atp/atp_matches_doubles_2014.csv,/Users/ajitbehera/Tennis Mater Project/data(github)/tennis_atp/atp_matches_doubles_2014.csv,atp_matches_doubles_2014.csv,402642
atp,tour,matches,tennis_atp/atp_matches_doubles_2015.csv,/Users/ajitbehera/Tennis Mater Project/data(github)/tennis_atp/atp_matches_doubles_2015.csv,atp_matches_doubles_2015.csv,414631
atp,tour,matches,tennis_atp/atp_matches_doubles_2016.csv,/Users/ajitbehera/Tennis Mater Project/data(github)/tennis_atp/atp_matches_doubles_2016.csv,atp_matches_doubles_2016.csv,460732
atp,tour,matches,tennis_atp/atp_matches_doubles_2017.csv,/Users/ajitbehera/Tennis Mater Project/data(github)/tennis_atp/atp_matches_doubles_2017.csv,atp_matches_doubles_2017.csv,452497
atp,tour,matches,tennis_atp/atp_matches_doubles_2018.csv,/Users/ajitbehera/Tennis Mater Project/data(github)/tennis_atp/atp_matches_doubles_2018.csv,atp_matches_doubles_2018.csv,442785
atp,tour,matches,tennis_atp/atp_matches_doubles_2019.csv,/Users/ajitbehera/Tennis Mater Project/data(github)/tennis_atp/atp_matches_doubles_2019.csv,atp_matches_doubles_2019.csv,461811
atp,tour,matches,tennis_atp/atp_matches_doubles_2020.csv,/Users/ajitbehera/Tennis Mater Project/data(github)/tennis_atp/atp_matches_doubles_2020.csv,atp_matches_doubles_2020.csv,93264
atp,tour,matches,tennis_atp/atp_matches_futures_1991.csv,/Users/ajitbehera/Tennis Mater Project/data(github)/tennis_atp/atp_matches_futures_1991.csv,atp_matches_futures_1991.csv,1682389
atp,tour,matches,tennis_atp/atp_matches_futures_1992.csv,/Users/ajitbehera/Tennis Mater Project/data(github)/tennis_atp/atp_matches_futures_1992.csv,atp_matches_futures_1992.csv,1619776
atp,tour,matches,tennis_atp/atp_matches_futures_1993.csv,/Users/ajitbehera/Tennis Mater Project/data(github)/tennis_atp/atp_matches_futures_1993.csv,atp_matches_futures_1993.csv,1866666
atp,tour,matches,tennis_atp/atp_matches_futures_1994.csv,/Users/ajitbehera/Tennis Mater Project/data(github)/tennis_atp/atp_matches_futures_1994.csv,atp_matches_futures_1994.csv,1934377
atp,tour,matches,tennis_atp/atp_matches_futures_1995.csv,/Users/ajitbehera/Tennis Mater Project/data(github)/tennis_atp/atp_matches_futures_1995.csv,atp_matches_futures_1995.csv,2219083
atp,tour,matches,tennis_atp/atp_matches_futures_1996.csv,/Users/ajitbehera/Tennis Mater Project/data(github)/tennis_atp/atp_matches_futures_1996.csv,atp_matches_futures_1996.csv,2351927
atp,tour,matches,tennis_atp/atp_matches_futures_1997.csv,/Users/ajitbehera/Tennis Mater Project/data(github)/tennis_atp/atp_matches_futures_1997.csv,atp_matches_futures_1997.csv,2546000
atp,tour,matches,tennis_atp/atp_matches_futures_1998.csv,/Users/ajitbehera/Tennis Mater Project/data(github)/tennis_atp/atp_matches_futures_1998.csv,atp_matches_futures_1998.csv,2403962
atp,tour,matches,tennis_atp/atp_matches_futures_1999.csv,/Users/ajitbehera/Tennis Mater Project/data(github)/tennis_atp/atp_matches_futures_1999.csv,atp_matches_futures_1999.csv,2404314
atp,tour,matches,tennis_atp/atp_matches_futures_2000.csv,/Users/ajitbehera/Tennis Mater Project/data(github)/tennis_atp/atp_matches_futures_2000.csv,atp_matches_futures_2000.csv,2222399
atp,tour,matches,tennis_atp/atp_matches_futures_2001.csv,/Users/ajitbehera/Tennis Mater Project/data(github)/tennis_atp/atp_matches_futures_2001.csv,atp_matches_futures_2001.csv,2312727
atp,tour,matches,tennis_atp/atp_matches_futures_2002.csv,/Users/ajitbehera/Tennis Mater Project/data(github)/tennis_atp/atp_matches_futures_2002.csv,atp_matches_futures_2002.csv,2280747
atp,tour,matches,tennis_atp/atp_matches_futures_2003.csv,/Users/ajitbehera/Tennis Mater Project/data(github)/tennis_atp/atp_matches_futures_2003.csv,atp_matches_futures_2003.csv,2441861
atp,tour,matches,tennis_atp/atp_matches_futures_2004.csv,/Users/ajitbehera/Tennis Mater Project/data(github)/tennis_atp/atp_matches_futures_2004.csv,atp_matches_futures_2004.csv,2570744
atp,tour,matches,tennis_atp/atp_matches_futures_2005.csv,/Users/ajitbehera/Tennis Mater Project/data(github)/tennis_atp/atp_matches_futures_2005.csv,atp_matches_futures_2005.csv,2730577
atp,tour,matches,tennis_atp/atp_matches_futures_2006.csv,/Users/ajitbehera/Tennis Mater Project/data(github)/tennis_atp/atp_matches_futures_2006.csv,atp_matches_futures_2006.csv,2824010
atp,tour,matches,tennis_atp/atp_matches_futures_2007.csv,/Users/ajitbehera/Tennis Mater Project/data(github)/tennis_atp/atp_matches_futures_2007.csv,atp_matches_futures_2007.csv,2795985
atp,tour,matches,tennis_atp/atp_matches_futures_2008.csv,/Users/ajitbehera/Tennis Mater Project/data(github)/tennis_atp/atp_matches_futures_2008.csv,atp_matches_futures_2008.csv,2993839
atp,tour,matches,tennis_atp/atp_matches_futures_2009.csv,/Users/ajitbehera/Tennis Mater Project/data(github)/tennis_atp/atp_matches_futures_2009.csv,atp_matches_futures_2009.csv,2766590
atp,tour,matches,tennis_atp/atp_matches_futures_2010.csv,/Users/ajitbehera/Tennis Mater Project/data(github)/tennis_atp/atp_matches_futures_2010.csv,atp_matches_futures_2010.csv,2729871
atp,tour,matches,tennis_atp/atp_matches_futures_2011.csv,/Users/ajitbehera/Tennis Mater Project/data(github)/tennis_atp/atp_matches_futures_2011.csv,atp_matches_futures_2011.csv,3012799
atp,tour,matches,tennis_atp/atp_matches_futures_2012.csv,/Users/ajitbehera/Tennis Mater Project/data(github)/tennis_atp/atp_matches_futures_2012.csv,atp_matches_futures_2012.csv,3319902
atp,tour,matches,tennis_atp/atp_matches_futures_2013.csv,/Users/ajitbehera/Tennis Mater Project/data(github)/tennis_atp/atp_matches_futures_2013.csv,atp_matches_futures_2013.csv,3615473
atp,tour,matches,tennis_atp/atp_matches_futures_2014.csv,/Users/ajitbehera/Tennis Mater Project/data(github)/tennis_atp/atp_matches_futures_2014.csv,atp_matches_futures_2014.csv,3786604
atp,tour,matches,tennis_atp/atp_matches_futures_2015.csv,/Users/ajitbehera/Tennis Mater Project/data(github)/tennis_atp/atp_matches_futures_2015.csv,atp_matches_futures_2015.csv,3867309
atp,tour,matches,tennis_atp/atp_matches_futures_2016.csv,/Users/ajitbehera/Tennis Mater Project/data(github)/tennis_atp/atp_matches_futures_2016.csv,atp_matches_futures_2016.csv,3617708
atp,tour,matches,tennis_atp/atp_matches_futures_2017.csv,/Users/ajitbehera/Tennis Mater Project/data(github)/tennis_atp/atp_matches_futures_2017.csv,atp_matches_futures_2017.csv,3373463
atp,tour,matches,tennis_atp/atp_matches_futures_2018.csv,/Users/ajitbehera/Tennis Mater Project/data(github)/tennis_atp/atp_matches_futures_2018.csv,atp_matches_futures_2018.csv,3090344
atp,tour,matches,tennis_atp/atp_matches_futures_2019.csv,/Users/ajitbehera/Tennis Mater Project/data(github)/tennis_atp/atp_matches_futures_2019.csv,atp_matches_futures_2019.csv,3036735
atp,tour,matches,tennis_atp/atp_matches_futures_2020.csv,/Users/ajitbehera/Tennis Mater Project/data(github)/tennis_atp/atp_matches_futures_2020.csv,atp_matches_futures_2020.csv,874623
atp,tour,matches,tennis_atp/atp_matches_futures_2021.csv,/Users/ajitbehera/Tennis Mater Project/data(github)/tennis_atp/atp_matches_futures_2021.csv,atp_matches_futures_2021.csv,2249760
atp,tour,matches,tennis_atp/atp_matches_futures_2022.csv,/Users/ajitbehera/Tennis Mater Project/data(github)/tennis_atp/atp_matches_futures_2022.csv,atp_matches_futures_2022.csv,3089510
atp,tour,matches,tennis_atp/atp_matches_futures_2023.csv,/Users/ajitbehera/Tennis Mater Project/data(github)/tennis_atp/atp_matches_futures_2023.csv,atp_matches_futures_2023.csv,3348959
atp,tour,matches,tennis_atp/atp_matches_futures_2024.csv,/Users/ajitbehera/Tennis Mater Project/data(github)/tennis_atp/atp_matches_futures_2024.csv,atp_matches_futures_2024.csv,3499745
atp,tour,matches,tennis_atp/atp_matches_qual_chall_1978.csv,/Users/ajitbehera/Tennis Mater Project/data(github)/tennis_atp/atp_matches_qual_chall_1978.csv,atp_matches_qual_chall_1978.csv,158903
atp,tour,matches,tennis_atp/atp_matches_qual_chall_1979.csv,/Users/ajitbehera/Tennis Mater Project/data(github)/tennis_atp/atp_matches_qual_chall_1979.csv,atp_matches_qual_chall_1979.csv,163308
atp,tour,matches,tennis_atp/atp_matches_qual_chall_1980.csv,/Users/ajitbehera/Tennis Mater Project/data(github)/tennis_atp/atp_matches_qual_chall_1980.csv,atp_matches_qual_chall_1980.csv,133830
atp,tour,matches,tennis_atp/atp_matches_qual_chall_1981.csv,/Users/ajitbehera/Tennis Mater Project/data(github)/tennis_atp/atp_matches_qual_chall_1981.csv,atp_matches_qual_chall_1981.csv,246558
atp,tour,matches,tennis_atp/atp_matches_qual_chall_1982.csv,/Users/ajitbehera/Tennis Mater Project/data(github)/tennis_atp/atp_matches_qual_chall_1982.csv,atp_matches_qual_chall_1982.csv,236122
atp,tour,matches,tennis_atp/atp_matches_qual_chall_1983.csv,/Users/ajitbehera/Tennis Mater Project/data(github)/tennis_atp/atp_matches_qual_chall_1983.csv,atp_matches_qual_chall_1983.csv,198083
atp,tour,matches,tennis_atp/atp_matches_qual_chall_1984.csv,/Users/ajitbehera/Tennis Mater Project/data(github)/tennis_atp/atp_matches_qual_chall_1984.csv,atp_matches_qual_chall_1984.csv,173678
atp,tour,matches,tennis_atp/atp_matches_qual_chall_1985.csv,/Users/ajitbehera/Tennis Mater Project/data(github)/tennis_atp/atp_matches_qual_chall_1985.csv,atp_matches_qual_chall_1985.csv,216373
atp,tour,matches,tennis_atp/atp_matches_qual_chall_1986.csv,/Users/ajitbehera/Tennis Mater Project/data(github)/tennis_atp/atp_matches_qual_chall_1986.csv,atp_matches_qual_chall_1986.csv,291156
atp,tour,matches,tennis_atp/atp_matches_qual_chall_1987.csv,/Users/ajitbehera/Tennis Mater Project/data(github)/tennis_atp/atp_matches_qual_chall_1987.csv,atp_matches_qual_chall_1987.csv,338080
atp,tour,matches,tennis_atp/atp_matches_qual_chall_1988.csv,/Users/ajitbehera/Tennis Mater Project/data(github)/tennis_atp/atp_matches_qual_chall_1988.csv,atp_matches_qual_chall_1988.csv,474644
atp,tour,matches,tennis_atp/atp_matches_qual_chall_1989.csv,/Users/ajitbehera/Tennis Mater Project/data(github)/tennis_atp/atp_matches_qual_chall_1989.csv,atp_matches_qual_chall_1989.csv,487301
atp,tour,matches,tennis_atp/atp_matches_qual_chall_1990.csv,/Users/ajitbehera/Tennis Mater Project/data(github)/tennis_atp/atp_matches_qual_chall_1990.csv,atp_matches_qual_chall_1990.csv,379098
atp,tour,matches,tennis_atp/atp_matches_qual_chall_1991.csv,/Users/ajitbehera/Tennis Mater Project/data(github)/tennis_atp/atp_matches_qual_chall_1991.csv,atp_matches_qual_chall_1991.csv,496062
atp,tour,matches,tennis_atp/atp_matches_qual_chall_1992.csv,/Users/ajitbehera/Tennis Mater Project/data(github)/tennis_atp/atp_matches_qual_chall_1992.csv,atp_matches_qual_chall_1992.csv,470529
atp,tour,matches,tennis_atp/atp_matches_qual_chall_1993.csv,/Users/ajitbehera/Tennis Mater Project/data(github)/tennis_atp/atp_matches_qual_chall_1993.csv,atp_matches_qual_chall_1993.csv,509197
atp,tour,matches,tennis_atp/atp_matches_qual_chall_1994.csv,/Users/ajitbehera/Tennis Mater Project/data(github)/tennis_atp/atp_matches_qual_chall_1994.csv,atp_matches_qual_chall_1994.csv,513648
atp,tour,matches,tennis_atp/atp_matches_qual_chall_1995.csv,/Users/ajitbehera/Tennis Mater Project/data(github)/tennis_atp/atp_matches_qual_chall_1995.csv,atp_matches_qual_chall_1995.csv,449758
atp,tour,matches,tennis_atp/atp_matches_qual_chall_1996.csv,/Users/ajitbehera/Tennis Mater Project/data(github)/tennis_atp/atp_matches_qual_chall_1996.csv,atp_matches_qual_chall_1996.csv,519149
atp,tour,matches,tennis_atp/atp_matches_qual_chall_1997.csv,/Users/ajitbehera/Tennis Mater Project/data(github)/tennis_atp/atp_matches_qual_chall_1997.csv,atp_matches_qual_chall_1997.csv,568227
atp,tour,matches,tennis_atp/atp_matches_qual_chall_1998.csv,/Users/ajitbehera/Tennis Mater Project/data(github)/tennis_atp/atp_matches_qual_chall_1998.csv,atp_matches_qual_chall_1998.csv,598176
atp,tour,matches,tennis_atp/atp_matches_qual_chall_1999.csv,/Users/ajitbehera/Tennis Mater Project/data(github)/tennis_atp/atp_matches_qual_chall_1999.csv,atp_matches_qual_chall_1999.csv,609798
atp,tour,matches,tennis_atp/atp_matches_qual_chall_2000.csv,/Users/ajitbehera/Tennis Mater Project/data(github)/tennis_atp/atp_matches_qual_chall_2000.csv,atp_matches_qual_chall_2000.csv,720868
atp,tour,matches,tennis_atp/atp_matches_qual_chall_2001.csv,/Users/ajitbehera/Tennis Mater Project/data(github)/tennis_atp/atp_matches_qual_chall_2001.csv,atp_matches_qual_chall_2001.csv,796800
atp,tour,matches,tennis_atp/atp_matches_qual_chall_2002.csv,/Users/ajitbehera/Tennis Mater Project/data(github)/tennis_atp/atp_matches_qual_chall_2002.csv,atp_matches_qual_chall_2002.csv,717595
atp,tour,matches,tennis_atp/atp_matches_qual_chall_2003.csv,/Users/ajitbehera/Tennis Mater Project/data(github)/tennis_atp/atp_matches_qual_chall_2003.csv,atp_matches_qual_chall_2003.csv,800404
atp,tour,matches,tennis_atp/atp_matches_qual_chall_2004.csv,/Users/ajitbehera/Tennis Mater Project/data(github)/tennis_atp/atp_matches_qual_chall_2004.csv,atp_matches_qual_chall_2004.csv,861301
atp,tour,matches,tennis_atp/atp_matches_qual_chall_2005.csv,/Users/ajitbehera/Tennis Mater Project/data(github)/tennis_atp/atp_matches_qual_chall_2005.csv,atp_matches_qual_chall_2005.csv,880013
atp,tour,matches,tennis_atp/atp_matches_qual_chall_2006.csv,/Users/ajitbehera/Tennis Mater Project/data(github)/tennis_atp/atp_matches_qual_chall_2006.csv,atp_matches_qual_chall_2006.csv,938040
atp,tour,matches,tennis_atp/atp_matches_qual_chall_2007.csv,/Users/ajitbehera/Tennis Mater Project/data(github)/tennis_atp/atp_matches_qual_chall_2007.csv,atp_matches_qual_chall_2007.csv,1221652
atp,tour,matches,tennis_atp/atp_matches_qual_chall_2008.csv,/Users/ajitbehera/Tennis Mater Project/data(github)/tennis_atp/atp_matches_qual_chall_2008.csv,atp_matches_qual_chall_2008.csv,1245876
atp,tour,matches,tennis_atp/atp_matches_qual_chall_2009.csv,/Users/ajitbehera/Tennis Mater Project/data(github)/tennis_atp/atp_matches_qual_chall_2009.csv,atp_matches_qual_chall_2009.csv,1176012
atp,tour,matches,tennis_atp/atp_matches_qual_chall_2010.csv,/Users/ajitbehera/Tennis Mater Project/data(github)/tennis_atp/atp_matches_qual_chall_2010.csv,atp_matches_qual_chall_2010.csv,1332782
atp,tour,matches,tennis_atp/atp_matches_qual_chall_2011.csv,/Users/ajitbehera/Tennis Mater Project/data(github)/tennis_atp/atp_matches_qual_chall_2011.csv,atp_matches_qual_chall_2011.csv,1284018
atp,tour,matches,tennis_atp/atp_matches_qual_chall_2012.csv,/Users/ajitbehera/Tennis Mater Project/data(github)/tennis_atp/atp_matches_qual_chall_2012.csv,atp_matches_qual_chall_2012.csv,1296897
atp,tour,matches,tennis_atp/atp_matches_qual_chall_2013.csv,/Users/ajitbehera/Tennis Mater Project/data(github)/tennis_atp/atp_matches_qual_chall_2013.csv,atp_matches_qual_chall_2013.csv,1303844
atp,tour,matches,tennis_atp/atp_matches_qual_chall_2014.csv,/Users/ajitbehera/Tennis Mater Project/data(github)/tennis_atp/atp_matches_qual_chall_2014.csv,atp_matches_qual_chall_2014.csv,1296003
atp,tour,matches,tennis_atp/atp_matches_qual_chall_2015.csv,/Users/ajitbehera/Tennis Mater Project/data(github)/tennis_atp/atp_matches_qual_chall_2015.csv,atp_matches_qual_chall_2015.csv,1361179
atp,tour,matches,tennis_atp/atp_matches_qual_chall_2016.csv,/Users/ajitbehera/Tennis Mater Project/data(github)/tennis_atp/atp_matches_qual_chall_2016.csv,atp_matches_qual_chall_2016.csv,1985468
atp,tour,matches,tennis_atp/atp_matches_qual_chall_2017.csv,/Users/ajitbehera/Tennis Mater Project/data(github)/tennis_atp/atp_matches_qual_chall_2017.csv,atp_matches_qual_chall_2017.csv,1849040
atp,tour,matches,tennis_atp/atp_matches_qual_chall_2018.csv,/Users/ajitbehera/Tennis Mater Project/data(github)/tennis_atp/atp_matches_qual_chall_2018.csv,atp_matches_qual_chall_2018.csv,2018787
atp,tour,matches,tennis_atp/atp_matches_qual_chall_2019.csv,/Users/ajitbehera/Tennis Mater Project/data(github)/tennis_atp/atp_matches_qual_chall_2019.csv,atp_matches_qual_chall_2019.csv,1842377
atp,tour,matches,tennis_atp/atp_matches_qual_chall_2020.csv,/Users/ajitbehera/Tennis Mater Project/data(github)/tennis_atp/atp_matches_qual_chall_2020.csv,atp_matches_qual_chall_2020.csv,677978
atp,tour,matches,tennis_atp/atp_matches_qual_chall_2021.csv,/Users/ajitbehera/Tennis Mater Project/data(github)/tennis_atp/atp_matches_qual_chall_2021.csv,atp_matches_qual_chall_2021.csv,1550593
atp,tour,matches,tennis_atp/atp_matches_qual_chall_2022.csv,/Users/ajitbehera/Tennis Mater Project/data(github)/tennis_atp/atp_matches_qual_chall_2022.csv,atp_matches_qual_chall_2022.csv,2071897
atp,tour,matches,tennis_atp/atp_matches_qual_chall_2023.csv,/Users/ajitbehera/Tennis Mater Project/data(github)/tennis_atp/atp_matches_qual_chall_2023.csv,atp_matches_qual_chall_2023.csv,2206998
atp,tour,matches,tennis_atp/atp_matches_qual_chall_2024.csv,/Users/ajitbehera/Tennis Mater Project/data(github)/tennis_atp/atp_matches_qual_chall_2024.csv,atp_matches_qual_chall_2024.csv,2316734
atp,tour,players,tennis_atp/atp_players.csv,/Users/ajitbehera/Tennis Mater Project/data(github)/tennis_atp/atp_players.csv,atp_players.csv,2481189
atp,tour,rankings,tennis_atp/atp_rankings_00s.csv,/Users/ajitbehera/Tennis Mater Project/data(github)/tennis_atp/atp_rankings_00s.csv,atp_rankings_00s.csv,21271612
atp,tour,rankings,tennis_atp/atp_rankings_10s.csv,/Users/ajitbehera/Tennis Mater Project/data(github)/tennis_atp/atp_rankings_10s.csv,atp_rankings_10s.csv,21212713
atp,tour,rankings,tennis_atp/atp_rankings_20s.csv,/Users/ajitbehera/Tennis Mater Project/data(github)/tennis_atp/atp_rankings_20s.csv,atp_rankings_20s.csv,7723476
atp,tour,rankings,tennis_atp/atp_rankings_70s.csv,/Users/ajitbehera/Tennis Mater Project/data(github)/tennis_atp/atp_rankings_70s.csv,atp_rankings_70s.csv,421344
atp,tour,rankings,tennis_atp/atp_rankings_80s.csv,/Users/ajitbehera/Tennis Mater Project/data(github)/tennis_atp/atp_rankings_80s.csv,atp_rankings_80s.csv,5948860
atp,tour,rankings,tennis_atp/atp_rankings_90s.csv,/Users/ajitbehera/Tennis Mater Project/data(github)/tennis_atp/atp_rankings_90s.csv,atp_rankings_90s.csv,16563120
atp,tour,rankings,tennis_atp/atp_rankings_current.csv,/Users/ajitbehera/Tennis Mater Project/data(github)/tennis_atp/atp_rankings_current.csv,atp_rankings_current.csv,2145292
mcp,charting,matches,tennis_MatchChartingProject/charting-m-matches.csv,/Users/ajitbehera/Tennis Mater Project/data(github)/tennis_MatchChartingProject/charting-m-matches.csv,charting-m-matches.csv,1004843
mcp,charting,matches,tennis_MatchChartingProject/charting-w-matches.csv,/Users/ajitbehera/Tennis Mater Project/data(github)/tennis_MatchChartingProject/charting-w-matches.csv,charting-w-matches.csv,522859
mcp,charting,other,tennis_MatchChartingProject/charting-m-stats-Overview.csv,/Users/ajitbehera/Tennis Mater Project/data(github)/tennis_MatchChartingProject/charting-m-stats-Overview.csv,charting-m-stats-Overview.csv,5839466
mcp,charting,other,tennis_MatchChartingProject/charting-m-stats-Rally.csv,/Users/ajitbehera/Tennis Mater Project/data(github)/tennis_MatchChartingProject/charting-m-stats-Rally.csv,charting-m-stats-Rally.csv,9627096
mcp,charting,other,tennis_MatchChartingProject/charting-m-stats-ReturnDepth.csv,/Users/ajitbehera/Tennis Mater Project/data(github)/tennis_MatchChartingProject/charting-m-stats-ReturnDepth.csv,charting-m-stats-ReturnDepth.csv,22477859
mcp,charting,other,tennis_MatchChartingProject/charting-m-stats-ReturnOutcomes.csv,/Users/ajitbehera/Tennis Mater Project/data(github)/tennis_MatchChartingProject/charting-m-stats-ReturnOutcomes.csv,charting-m-stats-ReturnOutcomes.csv,26177225
mcp,charting,other,tennis_MatchChartingProject/charting-m-stats-ServeBasics.csv,/Users/ajitbehera/Tennis Mater Project/data(github)/tennis_MatchChartingProject/charting-m-stats-ServeBasics.csv,charting-m-stats-ServeBasics.csv,3931133
mcp,charting,other,tennis_MatchChartingProject/charting-m-stats-ServeDirection.csv,/Users/ajitbehera/Tennis Mater Project/data(github)/tennis_MatchChartingProject/charting-m-stats-ServeDirection.csv,charting-m-stats-ServeDirection.csv,4089355
mcp,charting,other,tennis_MatchChartingProject/charting-m-stats-ServeInfluence.csv,/Users/ajitbehera/Tennis Mater Project/data(github)/tennis_MatchChartingProject/charting-m-stats-ServeInfluence.csv,charting-m-stats-ServeInfluence.csv,3620739
mcp,charting,other,tennis_MatchChartingProject/charting-m-stats-ShotDirOutcomes.csv,/Users/ajitbehera/Tennis Mater Project/data(github)/tennis_MatchChartingProject/charting-m-stats-ShotDirOutcomes.csv,charting-m-stats-ShotDirOutcomes.csv,14227131
mcp,charting,other,tennis_MatchChartingProject/charting-m-stats-ShotDirection.csv,/Users/ajitbehera/Tennis Mater Project/data(github)/tennis_MatchChartingProject/charting-m-stats-ShotDirection.csv,charting-m-stats-ShotDirection.csv,4616650
mcp,charting,other,tennis_MatchChartingProject/charting-m-stats-ShotTypes.csv,/Users/ajitbehera/Tennis Mater Project/data(github)/tennis_MatchChartingProject/charting-m-stats-ShotTypes.csv,charting-m-stats-ShotTypes.csv,29233997
mcp,charting,other,tennis_MatchChartingProject/charting-m-stats-SnV.csv,/Users/ajitbehera/Tennis Mater Project/data(github)/tennis_MatchChartingProject/charting-m-stats-SnV.csv,charting-m-stats-SnV.csv,4622269
mcp,charting,other,tennis_MatchChartingProject/charting-m-stats-SvBreakSplit.csv,/Users/ajitbehera/Tennis Mater Project/data(github)/tennis_MatchChartingProject/charting-m-stats-SvBreakSplit.csv,charting-m-stats-SvBreakSplit.csv,14539871
mcp,charting,other,tennis_MatchChartingProject/charting-m-stats-SvBreakTotal.csv,/Users/ajitbehera/Tennis Mater Project/data(github)/tennis_MatchChartingProject/charting-m-stats-SvBreakTotal.csv,charting-m-stats-SvBreakTotal.csv,13461110
mcp,charting,other,tennis_MatchChartingProject/charting-w-stats-Overview.csv,/Users/ajitbehera/Tennis Mater Project/data(github)/tennis_MatchChartingProject/charting-w-stats-Overview.csv,charting-w-stats-Overview.csv,2691828
mcp,charting,other,tennis_MatchChartingProject/charting-w-stats-Rally.csv,/Users/ajitbehera/Tennis Mater Project/data(github)/tennis_MatchChartingProject/charting-w-stats-Rally.csv,charting-w-stats-Rally.csv,5076712
mcp,charting,other,tennis_MatchChartingProject/charting-w-stats-ReturnDepth.csv,/Users/ajitbehera/Tennis Mater Project/data(github)/tennis_MatchChartingProject/charting-w-stats-ReturnDepth.csv,charting-w-stats-ReturnDepth.csv,11761351
mcp,charting,other,tennis_MatchChartingProject/charting-w-stats-ReturnOutcomes.csv,/Users/ajitbehera/Tennis Mater Project/data(github)/tennis_MatchChartingProject/charting-w-stats-ReturnOutcomes.csv,charting-w-stats-ReturnOutcomes.csv,13878049
mcp,charting,other,tennis_MatchChartingProject/charting-w-stats-ServeBasics.csv,/Users/ajitbehera/Tennis Mater Project/data(github)/tennis_MatchChartingProject/charting-w-stats-ServeBasics.csv,charting-w-stats-ServeBasics.csv,2049018
mcp,charting,other,tennis_MatchChartingProject/charting-w-stats-ServeDirection.csv,/Users/ajitbehera/Tennis Mater Project/data(github)/tennis_MatchChartingProject/charting-w-stats-ServeDirection.csv,charting-w-stats-ServeDirection.csv,2131740
mcp,charting,other,tennis_MatchChartingProject/charting-w-stats-ServeInfluence.csv,/Users/ajitbehera/Tennis Mater Project/data(github)/tennis_MatchChartingProject/charting-w-stats-ServeInfluence.csv,charting-w-stats-ServeInfluence.csv,1885790
mcp,charting,other,tennis_MatchChartingProject/charting-w-stats-ShotDirOutcomes.csv,/Users/ajitbehera/Tennis Mater Project/data(github)/tennis_MatchChartingProject/charting-w-stats-ShotDirOutcomes.csv,charting-w-stats-ShotDirOutcomes.csv,7049407
mcp,charting,other,tennis_MatchChartingProject/charting-w-stats-ShotDirection.csv,/Users/ajitbehera/Tennis Mater Project/data(github)/tennis_MatchChartingProject/charting-w-stats-ShotDirection.csv,charting-w-stats-ShotDirection.csv,2396493
mcp,charting,other,tennis_MatchChartingProject/charting-w-stats-ShotTypes.csv,/Users/ajitbehera/Tennis Mater Project/data(github)/tennis_MatchChartingProject/charting-w-stats-ShotTypes.csv,charting-w-stats-ShotTypes.csv,14420183
mcp,charting,other,tennis_MatchChartingProject/charting-w-stats-SnV.csv,/Users/ajitbehera/Tennis Mater Project/data(github)/tennis_MatchChartingProject/charting-w-stats-SnV.csv,charting-w-stats-SnV.csv,533567
mcp,charting,other,tennis_MatchChartingProject/charting-w-stats-SvBreakSplit.csv,/Users/ajitbehera/Tennis Mater Project/data(github)/tennis_MatchChartingProject/charting-w-stats-SvBreakSplit.csv,charting-w-stats-SvBreakSplit.csv,7612033
mcp,charting,other,tennis_MatchChartingProject/charting-w-stats-SvBreakTotal.csv,/Users/ajitbehera/Tennis Mater Project/data(github)/tennis_MatchChartingProject/charting-w-stats-SvBreakTotal.csv,charting-w-stats-SvBreakTotal.csv,7052010
mcp,charting,points,tennis_MatchChartingProject/charting-m-points-2010s.csv,/Users/ajitbehera/Tennis Mater Project/data(github)/tennis_MatchChartingProject/charting-m-points-2010s.csv,charting-m-points-2010s.csv,34704665
mcp,charting,points,tennis_MatchChartingProject/charting-m-points-2020s.csv,/Users/ajitbehera/Tennis Mater Project/data(github)/tennis_MatchChartingProject/charting-m-points-2020s.csv,charting-m-points-2020s.csv,47837523
mcp,charting,points,tennis_MatchChartingProject/charting-m-points-to-2009.csv,/Users/ajitbehera/Tennis Mater Project/data(github)/tennis_MatchChartingProject/charting-m-points-to-2009.csv,charting-m-points-to-2009.csv,32686431
mcp,charting,points,tennis_MatchChartingProject/charting-m-stats-KeyPointsReturn.csv,/Users/ajitbehera/Tennis Mater Project/data(github)/tennis_MatchChartingProject/charting-m-stats-KeyPointsReturn.csv,charting-m-stats-KeyPointsReturn.csv,4692957
mcp,charting,points,tennis_MatchChartingProject/charting-m-stats-KeyPointsServe.csv,/Users/ajitbehera/Tennis Mater Project/data(github)/tennis_MatchChartingProject/charting-m-stats-KeyPointsServe.csv,charting-m-stats-KeyPointsServe.csv,5114466
mcp,charting,points,tennis_MatchChartingProject/charting-m-stats-NetPoints.csv,/Users/ajitbehera/Tennis Mater Project/data(github)/tennis_MatchChartingProject/charting-m-stats-NetPoints.csv,charting-m-stats-NetPoints.csv,5422979
mcp,charting,points,tennis_MatchChartingProject/charting-w-points-2010s.csv,/Users/ajitbehera/Tennis Mater Project/data(github)/tennis_MatchChartingProject/charting-w-points-2010s.csv,charting-w-points-2010s.csv,17919980
mcp,charting,points,tennis_MatchChartingProject/charting-w-points-2020s.csv,/Users/ajitbehera/Tennis Mater Project/data(github)/tennis_MatchChartingProject/charting-w-points-2020s.csv,charting-w-points-2020s.csv,26716628
mcp,charting,points,tennis_MatchChartingProject/charting-w-points-to-2009.csv,/Users/ajitbehera/Tennis Mater Project/data(github)/tennis_MatchChartingProject/charting-w-points-to-2009.csv,charting-w-points-to-2009.csv,5008953
mcp,charting,points,tennis_MatchChartingProject/charting-w-stats-KeyPointsReturn.csv,/Users/ajitbehera/Tennis Mater Project/data(github)/tennis_MatchChartingProject/charting-w-stats-KeyPointsReturn.csv,charting-w-stats-KeyPointsReturn.csv,2459559
mcp,charting,points,tennis_MatchChartingProject/charting-w-stats-KeyPointsServe.csv,/Users/ajitbehera/Tennis Mater Project/data(github)/tennis_MatchChartingProject/charting-w-stats-KeyPointsServe.csv,charting-w-stats-KeyPointsServe.csv,2674556
mcp,charting,points,tennis_MatchChartingProject/charting-w-stats-NetPoints.csv,/Users/ajitbehera/Tennis Mater Project/data(github)/tennis_MatchChartingProject/charting-w-stats-NetPoints.csv,charting-w-stats-NetPoints.csv,2741634
slam_pbp,grand_slam,matches,tennis_slam_pointbypoint/2011-ausopen-matches.csv,/Users/ajitbehera/Tennis Mater Project/data(github)/tennis_slam_pointbypoint/2011-ausopen-matches.csv,2011-ausopen-matches.csv,25765
slam_pbp,grand_slam,matches,tennis_slam_pointbypoint/2011-frenchopen-matches.csv,/Users/ajitbehera/Tennis Mater Project/data(github)/tennis_slam_pointbypoint/2011-frenchopen-matches.csv,2011-frenchopen-matches.csv,28025
slam_pbp,grand_slam,matches,tennis_slam_pointbypoint/2011-usopen-matches.csv,/Users/ajitbehera/Tennis Mater Project/data(github)/tennis_slam_pointbypoint/2011-usopen-matches.csv,2011-usopen-matches.csv,22161
slam_pbp,grand_slam,matches,tennis_slam_pointbypoint/2011-wimbledon-matches.csv,/Users/ajitbehera/Tennis Mater Project/data(github)/tennis_slam_pointbypoint/2011-wimbledon-matches.csv,2011-wimbledon-matches.csv,16320
slam_pbp,grand_slam,matches,tennis_slam_pointbypoint/2012-ausopen-matches.csv,/Users/ajitbehera/Tennis Mater Project/data(github)/tennis_slam_pointbypoint/2012-ausopen-matches.csv,2012-ausopen-matches.csv,12970
slam_pbp,grand_slam,matches,tennis_slam_pointbypoint/2012-frenchopen-matches.csv,/Users/ajitbehera/Tennis Mater Project/data(github)/tennis_slam_pointbypoint/2012-frenchopen-matches.csv,2012-frenchopen-matches.csv,14411
slam_pbp,grand_slam,matches,tennis_slam_pointbypoint/2012-usopen-matches.csv,/Users/ajitbehera/Tennis Mater Project/data(github)/tennis_slam_pointbypoint/2012-usopen-matches.csv,2012-usopen-matches.csv,12916
slam_pbp,grand_slam,matches,tennis_slam_pointbypoint/2012-wimbledon-matches.csv,/Users/ajitbehera/Tennis Mater Project/data(github)/tennis_slam_pointbypoint/2012-wimbledon-matches.csv,2012-wimbledon-matches.csv,11454
slam_pbp,grand_slam,matches,tennis_slam_pointbypoint/2013-ausopen-matches.csv,/Users/ajitbehera/Tennis Mater Project/data(github)/tennis_slam_pointbypoint/2013-ausopen-matches.csv,2013-ausopen-matches.csv,13828
slam_pbp,grand_slam,matches,tennis_slam_pointbypoint/2013-frenchopen-matches.csv,/Users/ajitbehera/Tennis Mater Project/data(github)/tennis_slam_pointbypoint/2013-frenchopen-matches.csv,2013-frenchopen-matches.csv,15579
slam_pbp,grand_slam,matches,tennis_slam_pointbypoint/2013-usopen-matches.csv,/Users/ajitbehera/Tennis Mater Project/data(github)/tennis_slam_pointbypoint/2013-usopen-matches.csv,2013-usopen-matches.csv,12586
slam_pbp,grand_slam,matches,tennis_slam_pointbypoint/2013-wimbledon-matches.csv,/Users/ajitbehera/Tennis Mater Project/data(github)/tennis_slam_pointbypoint/2013-wimbledon-matches.csv,2013-wimbledon-matches.csv,11864
slam_pbp,grand_slam,matches,tennis_slam_pointbypoint/2014-ausopen-matches.csv,/Users/ajitbehera/Tennis Mater Project/data(github)/tennis_slam_pointbypoint/2014-ausopen-matches.csv,2014-ausopen-matches.csv,12257
slam_pbp,grand_slam,matches,tennis_slam_pointbypoint/2014-frenchopen-matches.csv,/Users/ajitbehera/Tennis Mater Project/data(github)/tennis_slam_pointbypoint/2014-frenchopen-matches.csv,2014-frenchopen-matches.csv,21239
slam_pbp,grand_slam,matches,tennis_slam_pointbypoint/2014-usopen-matches.csv,/Users/ajitbehera/Tennis Mater Project/data(github)/tennis_slam_pointbypoint/2014-usopen-matches.csv,2014-usopen-matches.csv,14058
slam_pbp,grand_slam,matches,tennis_slam_pointbypoint/2014-wimbledon-matches.csv,/Users/ajitbehera/Tennis Mater Project/data(github)/tennis_slam_pointbypoint/2014-wimbledon-matches.csv,2014-wimbledon-matches.csv,20498
slam_pbp,grand_slam,matches,tennis_slam_pointbypoint/2015-ausopen-matches.csv,/Users/ajitbehera/Tennis Mater Project/data(github)/tennis_slam_pointbypoint/2015-ausopen-matches.csv,2015-ausopen-matches.csv,16128
slam_pbp,grand_slam,matches,tennis_slam_pointbypoint/2015-frenchopen-matches.csv,/Users/ajitbehera/Tennis Mater Project/data(github)/tennis_slam_pointbypoint/2015-frenchopen-matches.csv,2015-frenchopen-matches.csv,17297
slam_pbp,grand_slam,matches,tennis_slam_pointbypoint/2015-usopen-matches.csv,/Users/ajitbehera/Tennis Mater Project/data(github)/tennis_slam_pointbypoint/2015-usopen-matches.csv,2015-usopen-matches.csv,13274
slam_pbp,grand_slam,matches,tennis_slam_pointbypoint/2015-wimbledon-matches.csv,/Users/ajitbehera/Tennis Mater Project/data(github)/tennis_slam_pointbypoint/2015-wimbledon-matches.csv,2015-wimbledon-matches.csv,20589
slam_pbp,grand_slam,matches,tennis_slam_pointbypoint/2016-ausopen-matches.csv,/Users/ajitbehera/Tennis Mater Project/data(github)/tennis_slam_pointbypoint/2016-ausopen-matches.csv,2016-ausopen-matches.csv,17885
slam_pbp,grand_slam,matches,tennis_slam_pointbypoint/2016-frenchopen-matches.csv,/Users/ajitbehera/Tennis Mater Project/data(github)/tennis_slam_pointbypoint/2016-frenchopen-matches.csv,2016-frenchopen-matches.csv,14724
slam_pbp,grand_slam,matches,tennis_slam_pointbypoint/2016-usopen-matches.csv,/Users/ajitbehera/Tennis Mater Project/data(github)/tennis_slam_pointbypoint/2016-usopen-matches.csv,2016-usopen-matches.csv,12936
slam_pbp,grand_slam,matches,tennis_slam_pointbypoint/2016-wimbledon-matches.csv,/Users/ajitbehera/Tennis Mater Project/data(github)/tennis_slam_pointbypoint/2016-wimbledon-matches.csv,2016-wimbledon-matches.csv,10156
slam_pbp,grand_slam,matches,tennis_slam_pointbypoint/2017-ausopen-matches.csv,/Users/ajitbehera/Tennis Mater Project/data(github)/tennis_slam_pointbypoint/2017-ausopen-matches.csv,2017-ausopen-matches.csv,18200
slam_pbp,grand_slam,matches,tennis_slam_pointbypoint/2017-frenchopen-matches.csv,/Users/ajitbehera/Tennis Mater Project/data(github)/tennis_slam_pointbypoint/2017-frenchopen-matches.csv,2017-frenchopen-matches.csv,20259
slam_pbp,grand_slam,matches,tennis_slam_pointbypoint/2017-usopen-matches.csv,/Users/ajitbehera/Tennis Mater Project/data(github)/tennis_slam_pointbypoint/2017-usopen-matches.csv,2017-usopen-matches.csv,12320
slam_pbp,grand_slam,matches,tennis_slam_pointbypoint/2017-wimbledon-matches.csv,/Users/ajitbehera/Tennis Mater Project/data(github)/tennis_slam_pointbypoint/2017-wimbledon-matches.csv,2017-wimbledon-matches.csv,20669
slam_pbp,grand_slam,matches,tennis_slam_pointbypoint/2018-ausopen-matches-doubles.csv,/Users/ajitbehera/Tennis Mater Project/data(github)/tennis_slam_pointbypoint/2018-ausopen-matches-doubles.csv,2018-ausopen-matches-doubles.csv,13599
slam_pbp,grand_slam,matches,tennis_slam_pointbypoint/2018-ausopen-matches-mixed.csv,/Users/ajitbehera/Tennis Mater Project/data(github)/tennis_slam_pointbypoint/2018-ausopen-matches-mixed.csv,2018-ausopen-matches-mixed.csv,3517
slam_pbp,grand_slam,matches,tennis_slam_pointbypoint/2018-ausopen-matches.csv,/Users/ajitbehera/Tennis Mater Project/data(github)/tennis_slam_pointbypoint/2018-ausopen-matches.csv,2018-ausopen-matches.csv,19017
slam_pbp,grand_slam,matches,tennis_slam_pointbypoint/2018-frenchopen-matches-doubles.csv,/Users/ajitbehera/Tennis Mater Project/data(github)/tennis_slam_pointbypoint/2018-frenchopen-matches-doubles.csv,2018-frenchopen-matches-doubles.csv,14448
slam_pbp,grand_slam,matches,tennis_slam_pointbypoint/2018-frenchopen-matches-mixed.csv,/Users/ajitbehera/Tennis Mater Project/data(github)/tennis_slam_pointbypoint/2018-frenchopen-matches-mixed.csv,2018-frenchopen-matches-mixed.csv,3582
slam_pbp,grand_slam,matches,tennis_slam_pointbypoint/2018-frenchopen-matches.csv,/Users/ajitbehera/Tennis Mater Project/data(github)/tennis_slam_pointbypoint/2018-frenchopen-matches.csv,2018-frenchopen-matches.csv,20590
slam_pbp,grand_slam,matches,tennis_slam_pointbypoint/2018-usopen-matches.csv,/Users/ajitbehera/Tennis Mater Project/data(github)/tennis_slam_pointbypoint/2018-usopen-matches.csv,2018-usopen-matches.csv,13445
slam_pbp,grand_slam,matches,tennis_slam_pointbypoint/2018-wimbledon-matches.csv,/Users/ajitbehera/Tennis Mater Project/data(github)/tennis_slam_pointbypoint/2018-wimbledon-matches.csv,2018-wimbledon-matches.csv,20712
slam_pbp,grand_slam,matches,tennis_slam_pointbypoint/2019-ausopen-matches-doubles.csv,/Users/ajitbehera/Tennis Mater Project/data(github)/tennis_slam_pointbypoint/2019-ausopen-matches-doubles.csv,2019-ausopen-matches-doubles.csv,13425
slam_pbp,grand_slam,matches,tennis_slam_pointbypoint/2019-ausopen-matches-mixed.csv,/Users/ajitbehera/Tennis Mater Project/data(github)/tennis_slam_pointbypoint/2019-ausopen-matches-mixed.csv,2019-ausopen-matches-mixed.csv,3478
slam_pbp,grand_slam,matches,tennis_slam_pointbypoint/2019-ausopen-matches.csv,/Users/ajitbehera/Tennis Mater Project/data(github)/tennis_slam_pointbypoint/2019-ausopen-matches.csv,2019-ausopen-matches.csv,19134
slam_pbp,grand_slam,matches,tennis_slam_pointbypoint/2019-frenchopen-matches-doubles.csv,/Users/ajitbehera/Tennis Mater Project/data(github)/tennis_slam_pointbypoint/2019-frenchopen-matches-doubles.csv,2019-frenchopen-matches-doubles.csv,14050
slam_pbp,grand_slam,matches,tennis_slam_pointbypoint/2019-frenchopen-matches-mixed.csv,/Users/ajitbehera/Tennis Mater Project/data(github)/tennis_slam_pointbypoint/2019-frenchopen-matches-mixed.csv,2019-frenchopen-matches-mixed.csv,3641
slam_pbp,grand_slam,matches,tennis_slam_pointbypoint/2019-frenchopen-matches.csv,/Users/ajitbehera/Tennis Mater Project/data(github)/tennis_slam_pointbypoint/2019-frenchopen-matches.csv,2019-frenchopen-matches.csv,20385
slam_pbp,grand_slam,matches,tennis_slam_pointbypoint/2019-usopen-matches-doubles.csv,/Users/ajitbehera/Tennis Mater Project/data(github)/tennis_slam_pointbypoint/2019-usopen-matches-doubles.csv,2019-usopen-matches-doubles.csv,10987
slam_pbp,grand_slam,matches,tennis_slam_pointbypoint/2019-usopen-matches-mixed.csv,/Users/ajitbehera/Tennis Mater Project/data(github)/tennis_slam_pointbypoint/2019-usopen-matches-mixed.csv,2019-usopen-matches-mixed.csv,2960
slam_pbp,grand_slam,matches,tennis_slam_pointbypoint/2019-usopen-matches.csv,/Users/ajitbehera/Tennis Mater Project/data(github)/tennis_slam_pointbypoint/2019-usopen-matches.csv,2019-usopen-matches.csv,18842
slam_pbp,grand_slam,matches,tennis_slam_pointbypoint/2019-wimbledon-matches-doubles.csv,/Users/ajitbehera/Tennis Mater Project/data(github)/tennis_slam_pointbypoint/2019-wimbledon-matches-doubles.csv,2019-wimbledon-matches-doubles.csv,13896
slam_pbp,grand_slam,matches,tennis_slam_pointbypoint/2019-wimbledon-matches-mixed.csv,/Users/ajitbehera/Tennis Mater Project/data(github)/tennis_slam_pointbypoint/2019-wimbledon-matches-mixed.csv,2019-wimbledon-matches-mixed.csv,5161
slam_pbp,grand_slam,matches,tennis_slam_pointbypoint/2019-wimbledon-matches.csv,/Users/ajitbehera/Tennis Mater Project/data(github)/tennis_slam_pointbypoint/2019-wimbledon-matches.csv,2019-wimbledon-matches.csv,20624
slam_pbp,grand_slam,matches,tennis_slam_pointbypoint/2020-ausopen-matches-doubles.csv,/Users/ajitbehera/Tennis Mater Project/data(github)/tennis_slam_pointbypoint/2020-ausopen-matches-doubles.csv,2020-ausopen-matches-doubles.csv,13354
slam_pbp,grand_slam,matches,tennis_slam_pointbypoint/2020-ausopen-matches-mixed.csv,/Users/ajitbehera/Tennis Mater Project/data(github)/tennis_slam_pointbypoint/2020-ausopen-matches-mixed.csv,2020-ausopen-matches-mixed.csv,3463
slam_pbp,grand_slam,matches,tennis_slam_pointbypoint/2020-ausopen-matches.csv,/Users/ajitbehera/Tennis Mater Project/data(github)/tennis_slam_pointbypoint/2020-ausopen-matches.csv,2020-ausopen-matches.csv,18923
slam_pbp,grand_slam,matches,tennis_slam_pointbypoint/2020-frenchopen-matches-doubles.csv,/Users/ajitbehera/Tennis Mater Project/data(github)/tennis_slam_pointbypoint/2020-frenchopen-matches-doubles.csv,2020-frenchopen-matches-doubles.csv,11961
slam_pbp,grand_slam,matches,tennis_slam_pointbypoint/2020-frenchopen-matches.csv,/Users/ajitbehera/Tennis Mater Project/data(github)/tennis_slam_pointbypoint/2020-frenchopen-matches.csv,2020-frenchopen-matches.csv,18600
slam_pbp,grand_slam,matches,tennis_slam_pointbypoint/2020-usopen-matches-doubles.csv,/Users/ajitbehera/Tennis Mater Project/data(github)/tennis_slam_pointbypoint/2020-usopen-matches-doubles.csv,2020-usopen-matches-doubles.csv,6071
slam_pbp,grand_slam,matches,tennis_slam_pointbypoint/2020-usopen-matches.csv,/Users/ajitbehera/Tennis Mater Project/data(github)/tennis_slam_pointbypoint/2020-usopen-matches.csv,2020-usopen-matches.csv,18774
slam_pbp,grand_slam,matches,tennis_slam_pointbypoint/2021-ausopen-matches-doubles.csv,/Users/ajitbehera/Tennis Mater Project/data(github)/tennis_slam_pointbypoint/2021-ausopen-matches-doubles.csv,2021-ausopen-matches-doubles.csv,11782
slam_pbp,grand_slam,matches,tennis_slam_pointbypoint/2021-ausopen-matches-mixed.csv,/Users/ajitbehera/Tennis Mater Project/data(github)/tennis_slam_pointbypoint/2021-ausopen-matches-mixed.csv,2021-ausopen-matches-mixed.csv,3009
slam_pbp,grand_slam,matches,tennis_slam_pointbypoint/2021-ausopen-matches.csv,/Users/ajitbehera/Tennis Mater Project/data(github)/tennis_slam_pointbypoint/2021-ausopen-matches.csv,2021-ausopen-matches.csv,17528
slam_pbp,grand_slam,matches,tennis_slam_pointbypoint/2021-frenchopen-matches-doubles.csv,/Users/ajitbehera/Tennis Mater Project/data(github)/tennis_slam_pointbypoint/2021-frenchopen-matches-doubles.csv,2021-frenchopen-matches-doubles.csv,12208
slam_pbp,grand_slam,matches,tennis_slam_pointbypoint/2021-frenchopen-matches-mixed.csv,/Users/ajitbehera/Tennis Mater Project/data(github)/tennis_slam_pointbypoint/2021-frenchopen-matches-mixed.csv,2021-frenchopen-matches-mixed.csv,1587
slam_pbp,grand_slam,matches,tennis_slam_pointbypoint/2021-frenchopen-matches.csv,/Users/ajitbehera/Tennis Mater Project/data(github)/tennis_slam_pointbypoint/2021-frenchopen-matches.csv,2021-frenchopen-matches.csv,18729
slam_pbp,grand_slam,matches,tennis_slam_pointbypoint/2021-usopen-matches-doubles.csv,/Users/ajitbehera/Tennis Mater Project/data(github)/tennis_slam_pointbypoint/2021-usopen-matches-doubles.csv,2021-usopen-matches-doubles.csv,13220
slam_pbp,grand_slam,matches,tennis_slam_pointbypoint/2021-usopen-matches-mixed.csv,/Users/ajitbehera/Tennis Mater Project/data(github)/tennis_slam_pointbypoint/2021-usopen-matches-mixed.csv,2021-usopen-matches-mixed.csv,3280
slam_pbp,grand_slam,matches,tennis_slam_pointbypoint/2021-usopen-matches.csv,/Users/ajitbehera/Tennis Mater Project/data(github)/tennis_slam_pointbypoint/2021-usopen-matches.csv,2021-usopen-matches.csv,19288
slam_pbp,grand_slam,matches,tennis_slam_pointbypoint/2021-wimbledon-matches-doubles.csv,/Users/ajitbehera/Tennis Mater Project/data(github)/tennis_slam_pointbypoint/2021-wimbledon-matches-doubles.csv,2021-wimbledon-matches-doubles.csv,13489
slam_pbp,grand_slam,matches,tennis_slam_pointbypoint/2021-wimbledon-matches-mixed.csv,/Users/ajitbehera/Tennis Mater Project/data(github)/tennis_slam_pointbypoint/2021-wimbledon-matches-mixed.csv,2021-wimbledon-matches-mixed.csv,4397
slam_pbp,grand_slam,matches,tennis_slam_pointbypoint/2021-wimbledon-matches.csv,/Users/ajitbehera/Tennis Mater Project/data(github)/tennis_slam_pointbypoint/2021-wimbledon-matches.csv,2021-wimbledon-matches.csv,20705
slam_pbp,grand_slam,matches,tennis_slam_pointbypoint/2022-usopen-matches-doubles.csv,/Users/ajitbehera/Tennis Mater Project/data(github)/tennis_slam_pointbypoint/2022-usopen-matches-doubles.csv,2022-usopen-matches-doubles.csv,13320
slam_pbp,grand_slam,matches,tennis_slam_pointbypoint/2022-usopen-matches-mixed.csv,/Users/ajitbehera/Tennis Mater Project/data(github)/tennis_slam_pointbypoint/2022-usopen-matches-mixed.csv,2022-usopen-matches-mixed.csv,3416
slam_pbp,grand_slam,matches,tennis_slam_pointbypoint/2022-usopen-matches.csv,/Users/ajitbehera/Tennis Mater Project/data(github)/tennis_slam_pointbypoint/2022-usopen-matches.csv,2022-usopen-matches.csv,18967
slam_pbp,grand_slam,matches,tennis_slam_pointbypoint/2022-wimbledon-matches-doubles.csv,/Users/ajitbehera/Tennis Mater Project/data(github)/tennis_slam_pointbypoint/2022-wimbledon-matches-doubles.csv,2022-wimbledon-matches-doubles.csv,13967
slam_pbp,grand_slam,matches,tennis_slam_pointbypoint/2022-wimbledon-matches-mixed.csv,/Users/ajitbehera/Tennis Mater Project/data(github)/tennis_slam_pointbypoint/2022-wimbledon-matches-mixed.csv,2022-wimbledon-matches-mixed.csv,2539
slam_pbp,grand_slam,matches,tennis_slam_pointbypoint/2022-wimbledon-matches.csv,/Users/ajitbehera/Tennis Mater Project/data(github)/tennis_slam_pointbypoint/2022-wimbledon-matches.csv,2022-wimbledon-matches.csv,20315
slam_pbp,grand_slam,matches,tennis_slam_pointbypoint/2023-usopen-matches-doubles.csv,/Users/ajitbehera/Tennis Mater Project/data(github)/tennis_slam_pointbypoint/2023-usopen-matches-doubles.csv,2023-usopen-matches-doubles.csv,13309
slam_pbp,grand_slam,matches,tennis_slam_pointbypoint/2023-usopen-matches-mixed.csv,/Users/ajitbehera/Tennis Mater Project/data(github)/tennis_slam_pointbypoint/2023-usopen-matches-mixed.csv,2023-usopen-matches-mixed.csv,3310
slam_pbp,grand_slam,matches,tennis_slam_pointbypoint/2023-usopen-matches.csv,/Users/ajitbehera/Tennis Mater Project/data(github)/tennis_slam_pointbypoint/2023-usopen-matches.csv,2023-usopen-matches.csv,19043
slam_pbp,grand_slam,matches,tennis_slam_pointbypoint/2023-wimbledon-matches-doubles.csv,/Users/ajitbehera/Tennis Mater Project/data(github)/tennis_slam_pointbypoint/2023-wimbledon-matches-doubles.csv,2023-wimbledon-matches-doubles.csv,13817
slam_pbp,grand_slam,matches,tennis_slam_pointbypoint/2023-wimbledon-matches-mixed.csv,/Users/ajitbehera/Tennis Mater Project/data(github)/tennis_slam_pointbypoint/2023-wimbledon-matches-mixed.csv,2023-wimbledon-matches-mixed.csv,3505
slam_pbp,grand_slam,matches,tennis_slam_pointbypoint/2023-wimbledon-matches.csv,/Users/ajitbehera/Tennis Mater Project/data(github)/tennis_slam_pointbypoint/2023-wimbledon-matches.csv,2023-wimbledon-matches.csv,20741
slam_pbp,grand_slam,matches,tennis_slam_pointbypoint/2024-usopen-matches-doubles.csv,/Users/ajitbehera/Tennis Mater Project/data(github)/tennis_slam_pointbypoint/2024-usopen-matches-doubles.csv,2024-usopen-matches-doubles.csv,13407
slam_pbp,grand_slam,matches,tennis_slam_pointbypoint/2024-usopen-matches-mixed.csv,/Users/ajitbehera/Tennis Mater Project/data(github)/tennis_slam_pointbypoint/2024-usopen-matches-mixed.csv,2024-usopen-matches-mixed.csv,3283
slam_pbp,grand_slam,matches,tennis_slam_pointbypoint/2024-usopen-matches.csv,/Users/ajitbehera/Tennis Mater Project/data(github)/tennis_slam_pointbypoint/2024-usopen-matches.csv,2024-usopen-matches.csv,19104
slam_pbp,grand_slam,matches,tennis_slam_pointbypoint/2024-wimbledon-matches.csv,/Users/ajitbehera/Tennis Mater Project/data(github)/tennis_slam_pointbypoint/2024-wimbledon-matches.csv,2024-wimbledon-matches.csv,20457
slam_pbp,grand_slam,points,tennis_slam_pointbypoint/2011-ausopen-points.csv,/Users/ajitbehera/Tennis Mater Project/data(github)/tennis_slam_pointbypoint/2011-ausopen-points.csv,2011-ausopen-points.csv,4426119
slam_pbp,grand_slam,points,tennis_slam_pointbypoint/2011-frenchopen-points.csv,/Users/ajitbehera/Tennis Mater Project/data(github)/tennis_slam_pointbypoint/2011-frenchopen-points.csv,2011-frenchopen-points.csv,5128179
slam_pbp,grand_slam,points,tennis_slam_pointbypoint/2011-usopen-points.csv,/Users/ajitbehera/Tennis Mater Project/data(github)/tennis_slam_pointbypoint/2011-usopen-points.csv,2011-usopen-points.csv,4020799
slam_pbp,grand_slam,points,tennis_slam_pointbypoint/2011-wimbledon-points.csv,/Users/ajitbehera/Tennis Mater Project/data(github)/tennis_slam_pointbypoint/2011-wimbledon-points.csv,2011-wimbledon-points.csv,3183932
slam_pbp,grand_slam,points,tennis_slam_pointbypoint/2012-ausopen-points.csv,/Users/ajitbehera/Tennis Mater Project/data(github)/tennis_slam_pointbypoint/2012-ausopen-points.csv,2012-ausopen-points.csv,3809227
slam_pbp,grand_slam,points,tennis_slam_pointbypoint/2012-frenchopen-points.csv,/Users/ajitbehera/Tennis Mater Project/data(github)/tennis_slam_pointbypoint/2012-frenchopen-points.csv,2012-frenchopen-points.csv,4183880
slam_pbp,grand_slam,points,tennis_slam_pointbypoint/2012-usopen-points.csv,/Users/ajitbehera/Tennis Mater Project/data(github)/tennis_slam_pointbypoint/2012-usopen-points.csv,2012-usopen-points.csv,4045435
slam_pbp,grand_slam,points,tennis_slam_pointbypoint/2012-wimbledon-points.csv,/Users/ajitbehera/Tennis Mater Project/data(github)/tennis_slam_pointbypoint/2012-wimbledon-points.csv,2012-wimbledon-points.csv,3474152
slam_pbp,grand_slam,points,tennis_slam_pointbypoint/2013-ausopen-points.csv,/Users/ajitbehera/Tennis Mater Project/data(github)/tennis_slam_pointbypoint/2013-ausopen-points.csv,2013-ausopen-points.csv,4168201
slam_pbp,grand_slam,points,tennis_slam_pointbypoint/2013-frenchopen-points.csv,/Users/ajitbehera/Tennis Mater Project/data(github)/tennis_slam_pointbypoint/2013-frenchopen-points.csv,2013-frenchopen-points.csv,4461014
slam_pbp,grand_slam,points,tennis_slam_pointbypoint/2013-usopen-points.csv,/Users/ajitbehera/Tennis Mater Project/data(github)/tennis_slam_pointbypoint/2013-usopen-points.csv,2013-usopen-points.csv,3831067
slam_pbp,grand_slam,points,tennis_slam_pointbypoint/2013-wimbledon-points.csv,/Users/ajitbehera/Tennis Mater Project/data(github)/tennis_slam_pointbypoint/2013-wimbledon-points.csv,2013-wimbledon-points.csv,3321365
slam_pbp,grand_slam,points,tennis_slam_pointbypoint/2014-ausopen-points.csv,/Users/ajitbehera/Tennis Mater Project/data(github)/tennis_slam_pointbypoint/2014-ausopen-points.csv,2014-ausopen-points.csv,3600025
slam_pbp,grand_slam,points,tennis_slam_pointbypoint/2014-frenchopen-points.csv,/Users/ajitbehera/Tennis Mater Project/data(github)/tennis_slam_pointbypoint/2014-frenchopen-points.csv,2014-frenchopen-points.csv,6002309
slam_pbp,grand_slam,points,tennis_slam_pointbypoint/2014-usopen-points.csv,/Users/ajitbehera/Tennis Mater Project/data(github)/tennis_slam_pointbypoint/2014-usopen-points.csv,2014-usopen-points.csv,4377230
slam_pbp,grand_slam,points,tennis_slam_pointbypoint/2014-wimbledon-points.csv,/Users/ajitbehera/Tennis Mater Project/data(github)/tennis_slam_pointbypoint/2014-wimbledon-points.csv,2014-wimbledon-points.csv,6371028
slam_pbp,grand_slam,points,tennis_slam_pointbypoint/2015-ausopen-points.csv,/Users/ajitbehera/Tennis Mater Project/data(github)/tennis_slam_pointbypoint/2015-ausopen-points.csv,2015-ausopen-points.csv,5080162
slam_pbp,grand_slam,points,tennis_slam_pointbypoint/2015-frenchopen-points.csv,/Users/ajitbehera/Tennis Mater Project/data(github)/tennis_slam_pointbypoint/2015-frenchopen-points.csv,2015-frenchopen-points.csv,5515191
slam_pbp,grand_slam,points,tennis_slam_pointbypoint/2015-usopen-points.csv,/Users/ajitbehera/Tennis Mater Project/data(github)/tennis_slam_pointbypoint/2015-usopen-points.csv,2015-usopen-points.csv,4568092
slam_pbp,grand_slam,points,tennis_slam_pointbypoint/2015-wimbledon-points.csv,/Users/ajitbehera/Tennis Mater Project/data(github)/tennis_slam_pointbypoint/2015-wimbledon-points.csv,2015-wimbledon-points.csv,6849988
slam_pbp,grand_slam,points,tennis_slam_pointbypoint/2016-ausopen-points.csv,/Users/ajitbehera/Tennis Mater Project/data(github)/tennis_slam_pointbypoint/2016-ausopen-points.csv,2016-ausopen-points.csv,5966391
slam_pbp,grand_slam,points,tennis_slam_pointbypoint/2016-frenchopen-points.csv,/Users/ajitbehera/Tennis Mater Project/data(github)/tennis_slam_pointbypoint/2016-frenchopen-points.csv,2016-frenchopen-points.csv,5003311
slam_pbp,grand_slam,points,tennis_slam_pointbypoint/2016-usopen-points.csv,/Users/ajitbehera/Tennis Mater Project/data(github)/tennis_slam_pointbypoint/2016-usopen-points.csv,2016-usopen-points.csv,4756346
slam_pbp,grand_slam,points,tennis_slam_pointbypoint/2016-wimbledon-points.csv,/Users/ajitbehera/Tennis Mater Project/data(github)/tennis_slam_pointbypoint/2016-wimbledon-points.csv,2016-wimbledon-points.csv,4491527
slam_pbp,grand_slam,points,tennis_slam_pointbypoint/2017-ausopen-points.csv,/Users/ajitbehera/Tennis Mater Project/data(github)/tennis_slam_pointbypoint/2017-ausopen-points.csv,2017-ausopen-points.csv,6780140
slam_pbp,grand_slam,points,tennis_slam_pointbypoint/2017-frenchopen-points.csv,/Users/ajitbehera/Tennis Mater Project/data(github)/tennis_slam_pointbypoint/2017-frenchopen-points.csv,2017-frenchopen-points.csv,6651861
slam_pbp,grand_slam,points,tennis_slam_pointbypoint/2017-usopen-points.csv,/Users/ajitbehera/Tennis Mater Project/data(github)/tennis_slam_pointbypoint/2017-usopen-points.csv,2017-usopen-points.csv,4815136
slam_pbp,grand_slam,points,tennis_slam_pointbypoint/2017-wimbledon-points.csv,/Users/ajitbehera/Tennis Mater Project/data(github)/tennis_slam_pointbypoint/2017-wimbledon-points.csv,2017-wimbledon-points.csv,7288687
slam_pbp,grand_slam,points,tennis_slam_pointbypoint/2018-ausopen-points-doubles.csv,/Users/ajitbehera/Tennis Mater Project/data(github)/tennis_slam_pointbypoint/2018-ausopen-points-doubles.csv,2018-ausopen-points-doubles.csv,1902581
slam_pbp,grand_slam,points,tennis_slam_pointbypoint/2018-ausopen-points-mixed.csv,/Users/ajitbehera/Tennis Mater Project/data(github)/tennis_slam_pointbypoint/2018-ausopen-points-mixed.csv,2018-ausopen-points-mixed.csv,390978
slam_pbp,grand_slam,points,tennis_slam_pointbypoint/2018-ausopen-points.csv,/Users/ajitbehera/Tennis Mater Project/data(github)/tennis_slam_pointbypoint/2018-ausopen-points.csv,2018-ausopen-points.csv,4988785
slam_pbp,grand_slam,points,tennis_slam_pointbypoint/2018-frenchopen-points-doubles.csv,/Users/ajitbehera/Tennis Mater Project/data(github)/tennis_slam_pointbypoint/2018-frenchopen-points-doubles.csv,2018-frenchopen-points-doubles.csv,1977173
slam_pbp,grand_slam,points,tennis_slam_pointbypoint/2018-frenchopen-points-mixed.csv,/Users/ajitbehera/Tennis Mater Project/data(github)/tennis_slam_pointbypoint/2018-frenchopen-points-mixed.csv,2018-frenchopen-points-mixed.csv,378844
slam_pbp,grand_slam,points,tennis_slam_pointbypoint/2018-frenchopen-points.csv,/Users/ajitbehera/Tennis Mater Project/data(github)/tennis_slam_pointbypoint/2018-frenchopen-points.csv,2018-frenchopen-points.csv,4896385
slam_pbp,grand_slam,points,tennis_slam_pointbypoint/2018-usopen-points.csv,/Users/ajitbehera/Tennis Mater Project/data(github)/tennis_slam_pointbypoint/2018-usopen-points.csv,2018-usopen-points.csv,5096059
slam_pbp,grand_slam,points,tennis_slam_pointbypoint/2018-wimbledon-points.csv,/Users/ajitbehera/Tennis Mater Project/data(github)/tennis_slam_pointbypoint/2018-wimbledon-points.csv,2018-wimbledon-points.csv,7844923
slam_pbp,grand_slam,points,tennis_slam_pointbypoint/2019-ausopen-points-doubles.csv,/Users/ajitbehera/Tennis Mater Project/data(github)/tennis_slam_pointbypoint/2019-ausopen-points-doubles.csv,2019-ausopen-points-doubles.csv,1942326
slam_pbp,grand_slam,points,tennis_slam_pointbypoint/2019-ausopen-points-mixed.csv,/Users/ajitbehera/Tennis Mater Project/data(github)/tennis_slam_pointbypoint/2019-ausopen-points-mixed.csv,2019-ausopen-points-mixed.csv,347506
slam_pbp,grand_slam,points,tennis_slam_pointbypoint/2019-ausopen-points.csv,/Users/ajitbehera/Tennis Mater Project/data(github)/tennis_slam_pointbypoint/2019-ausopen-points.csv,2019-ausopen-points.csv,4892605
slam_pbp,grand_slam,points,tennis_slam_pointbypoint/2019-frenchopen-points-doubles.csv,/Users/ajitbehera/Tennis Mater Project/data(github)/tennis_slam_pointbypoint/2019-frenchopen-points-doubles.csv,2019-frenchopen-points-doubles.csv,1930642
slam_pbp,grand_slam,points,tennis_slam_pointbypoint/2019-frenchopen-points-mixed.csv,/Users/ajitbehera/Tennis Mater Project/data(github)/tennis_slam_pointbypoint/2019-frenchopen-points-mixed.csv,2019-frenchopen-points-mixed.csv,398176
slam_pbp,grand_slam,points,tennis_slam_pointbypoint/2019-frenchopen-points.csv,/Users/ajitbehera/Tennis Mater Project/data(github)/tennis_slam_pointbypoint/2019-frenchopen-points.csv,2019-frenchopen-points.csv,4971557
slam_pbp,grand_slam,points,tennis_slam_pointbypoint/2019-usopen-points-doubles.csv,/Users/ajitbehera/Tennis Mater Project/data(github)/tennis_slam_pointbypoint/2019-usopen-points-doubles.csv,2019-usopen-points-doubles.csv,2218809
slam_pbp,grand_slam,points,tennis_slam_pointbypoint/2019-usopen-points-mixed.csv,/Users/ajitbehera/Tennis Mater Project/data(github)/tennis_slam_pointbypoint/2019-usopen-points-mixed.csv,2019-usopen-points-mixed.csv,478722
slam_pbp,grand_slam,points,tennis_slam_pointbypoint/2019-usopen-points.csv,/Users/ajitbehera/Tennis Mater Project/data(github)/tennis_slam_pointbypoint/2019-usopen-points.csv,2019-usopen-points.csv,7480927
slam_pbp,grand_slam,points,tennis_slam_pointbypoint/2019-wimbledon-points-doubles.csv,/Users/ajitbehera/Tennis Mater Project/data(github)/tennis_slam_pointbypoint/2019-wimbledon-points-doubles.csv,2019-wimbledon-points-doubles.csv,3582433
slam_pbp,grand_slam,points,tennis_slam_pointbypoint/2019-wimbledon-points-mixed.csv,/Users/ajitbehera/Tennis Mater Project/data(github)/tennis_slam_pointbypoint/2019-wimbledon-points-mixed.csv,2019-wimbledon-points-mixed.csv,1026828
slam_pbp,grand_slam,points,tennis_slam_pointbypoint/2019-wimbledon-points.csv,/Users/ajitbehera/Tennis Mater Project/data(github)/tennis_slam_pointbypoint/2019-wimbledon-points.csv,2019-wimbledon-points.csv,7560905
slam_pbp,grand_slam,points,tennis_slam_pointbypoint/2020-ausopen-points-doubles.csv,/Users/ajitbehera/Tennis Mater Project/data(github)/tennis_slam_pointbypoint/2020-ausopen-points-doubles.csv,2020-ausopen-points-doubles.csv,1946591
slam_pbp,grand_slam,points,tennis_slam_pointbypoint/2020-ausopen-points-mixed.csv,/Users/ajitbehera/Tennis Mater Project/data(github)/tennis_slam_pointbypoint/2020-ausopen-points-mixed.csv,2020-ausopen-points-mixed.csv,405679
slam_pbp,grand_slam,points,tennis_slam_pointbypoint/2020-ausopen-points.csv,/Users/ajitbehera/Tennis Mater Project/data(github)/tennis_slam_pointbypoint/2020-ausopen-points.csv,2020-ausopen-points.csv,4909102
slam_pbp,grand_slam,points,tennis_slam_pointbypoint/2020-frenchopen-points-doubles.csv,/Users/ajitbehera/Tennis Mater Project/data(github)/tennis_slam_pointbypoint/2020-frenchopen-points-doubles.csv,2020-frenchopen-points-doubles.csv,2011767
slam_pbp,grand_slam,points,tennis_slam_pointbypoint/2020-frenchopen-points.csv,/Users/ajitbehera/Tennis Mater Project/data(github)/tennis_slam_pointbypoint/2020-frenchopen-points.csv,2020-frenchopen-points.csv,5027975
slam_pbp,grand_slam,points,tennis_slam_pointbypoint/2020-usopen-points-doubles.csv,/Users/ajitbehera/Tennis Mater Project/data(github)/tennis_slam_pointbypoint/2020-usopen-points-doubles.csv,2020-usopen-points-doubles.csv,1210428
slam_pbp,grand_slam,points,tennis_slam_pointbypoint/2020-usopen-points.csv,/Users/ajitbehera/Tennis Mater Project/data(github)/tennis_slam_pointbypoint/2020-usopen-points.csv,2020-usopen-points.csv,7074131
slam_pbp,grand_slam,points,tennis_slam_pointbypoint/2021-ausopen-points-doubles.csv,/Users/ajitbehera/Tennis Mater Project/data(github)/tennis_slam_pointbypoint/2021-ausopen-points-doubles.csv,2021-ausopen-points-doubles.csv,1931424
slam_pbp,grand_slam,points,tennis_slam_pointbypoint/2021-ausopen-points-mixed.csv,/Users/ajitbehera/Tennis Mater Project/data(github)/tennis_slam_pointbypoint/2021-ausopen-points-mixed.csv,2021-ausopen-points-mixed.csv,393733
slam_pbp,grand_slam,points,tennis_slam_pointbypoint/2021-ausopen-points.csv,/Users/ajitbehera/Tennis Mater Project/data(github)/tennis_slam_pointbypoint/2021-ausopen-points.csv,2021-ausopen-points.csv,4754652
slam_pbp,grand_slam,points,tennis_slam_pointbypoint/2021-frenchopen-points-doubles.csv,/Users/ajitbehera/Tennis Mater Project/data(github)/tennis_slam_pointbypoint/2021-frenchopen-points-doubles.csv,2021-frenchopen-points-doubles.csv,1890657
slam_pbp,grand_slam,points,tennis_slam_pointbypoint/2021-frenchopen-points-mixed.csv,/Users/ajitbehera/Tennis Mater Project/data(github)/tennis_slam_pointbypoint/2021-frenchopen-points-mixed.csv,2021-frenchopen-points-mixed.csv,174575
slam_pbp,grand_slam,points,tennis_slam_pointbypoint/2021-frenchopen-points.csv,/Users/ajitbehera/Tennis Mater Project/data(github)/tennis_slam_pointbypoint/2021-frenchopen-points.csv,2021-frenchopen-points.csv,5033010
slam_pbp,grand_slam,points,tennis_slam_pointbypoint/2021-usopen-points-doubles.csv,/Users/ajitbehera/Tennis Mater Project/data(github)/tennis_slam_pointbypoint/2021-usopen-points-doubles.csv,2021-usopen-points-doubles.csv,2714547
slam_pbp,grand_slam,points,tennis_slam_pointbypoint/2021-usopen-points-mixed.csv,/Users/ajitbehera/Tennis Mater Project/data(github)/tennis_slam_pointbypoint/2021-usopen-points-mixed.csv,2021-usopen-points-mixed.csv,560472
slam_pbp,grand_slam,points,tennis_slam_pointbypoint/2021-usopen-points.csv,/Users/ajitbehera/Tennis Mater Project/data(github)/tennis_slam_pointbypoint/2021-usopen-points.csv,2021-usopen-points.csv,7727334
slam_pbp,grand_slam,points,tennis_slam_pointbypoint/2021-wimbledon-points-doubles.csv,/Users/ajitbehera/Tennis Mater Project/data(github)/tennis_slam_pointbypoint/2021-wimbledon-points-doubles.csv,2021-wimbledon-points-doubles.csv,2940821
slam_pbp,grand_slam,points,tennis_slam_pointbypoint/2021-wimbledon-points-mixed.csv,/Users/ajitbehera/Tennis Mater Project/data(github)/tennis_slam_pointbypoint/2021-wimbledon-points-mixed.csv,2021-wimbledon-points-mixed.csv,921892
slam_pbp,grand_slam,points,tennis_slam_pointbypoint/2021-wimbledon-points.csv,/Users/ajitbehera/Tennis Mater Project/data(github)/tennis_slam_pointbypoint/2021-wimbledon-points.csv,2021-wimbledon-points.csv,7675588
slam_pbp,grand_slam,points,tennis_slam_pointbypoint/2022-usopen-points-doubles.csv,/Users/ajitbehera/Tennis Mater Project/data(github)/tennis_slam_pointbypoint/2022-usopen-points-doubles.csv,2022-usopen-points-doubles.csv,2908099
slam_pbp,grand_slam,points,tennis_slam_pointbypoint/2022-usopen-points-mixed.csv,/Users/ajitbehera/Tennis Mater Project/data(github)/tennis_slam_pointbypoint/2022-usopen-points-mixed.csv,2022-usopen-points-mixed.csv,584818
slam_pbp,grand_slam,points,tennis_slam_pointbypoint/2022-usopen-points.csv,/Users/ajitbehera/Tennis Mater Project/data(github)/tennis_slam_pointbypoint/2022-usopen-points.csv,2022-usopen-points.csv,7572634
slam_pbp,grand_slam,points,tennis_slam_pointbypoint/2022-wimbledon-points-doubles.csv,/Users/ajitbehera/Tennis Mater Project/data(github)/tennis_slam_pointbypoint/2022-wimbledon-points-doubles.csv,2022-wimbledon-points-doubles.csv,3675792
slam_pbp,grand_slam,points,tennis_slam_pointbypoint/2022-wimbledon-points-mixed.csv,/Users/ajitbehera/Tennis Mater Project/data(github)/tennis_slam_pointbypoint/2022-wimbledon-points-mixed.csv,2022-wimbledon-points-mixed.csv,546807
slam_pbp,grand_slam,points,tennis_slam_pointbypoint/2022-wimbledon-points.csv,/Users/ajitbehera/Tennis Mater Project/data(github)/tennis_slam_pointbypoint/2022-wimbledon-points.csv,2022-wimbledon-points.csv,7517212
slam_pbp,grand_slam,points,tennis_slam_pointbypoint/2023-usopen-points-doubles.csv,/Users/ajitbehera/Tennis Mater Project/data(github)/tennis_slam_pointbypoint/2023-usopen-points-doubles.csv,2023-usopen-points-doubles.csv,2886476
slam_pbp,grand_slam,points,tennis_slam_pointbypoint/2023-usopen-points-mixed.csv,/Users/ajitbehera/Tennis Mater Project/data(github)/tennis_slam_pointbypoint/2023-usopen-points-mixed.csv,2023-usopen-points-mixed.csv,568455
slam_pbp,grand_slam,points,tennis_slam_pointbypoint/2023-usopen-points.csv,/Users/ajitbehera/Tennis Mater Project/data(github)/tennis_slam_pointbypoint/2023-usopen-points.csv,2023-usopen-points.csv,7304490
slam_pbp,grand_slam,points,tennis_slam_pointbypoint/2023-wimbledon-points-doubles.csv,/Users/ajitbehera/Tennis Mater Project/data(github)/tennis_slam_pointbypoint/2023-wimbledon-points-doubles.csv,2023-wimbledon-points-doubles.csv,2714441
slam_pbp,grand_slam,points,tennis_slam_pointbypoint/2023-wimbledon-points-mixed.csv,/Users/ajitbehera/Tennis Mater Project/data(github)/tennis_slam_pointbypoint/2023-wimbledon-points-mixed.csv,2023-wimbledon-points-mixed.csv,783550
slam_pbp,grand_slam,points,tennis_slam_pointbypoint/2023-wimbledon-points.csv,/Users/ajitbehera/Tennis Mater Project/data(github)/tennis_slam_pointbypoint/2023-wimbledon-points.csv,2023-wimbledon-points.csv,7908309
slam_pbp,grand_slam,points,tennis_slam_pointbypoint/2024-usopen-points-doubles.csv,/Users/ajitbehera/Tennis Mater Project/data(github)/tennis_slam_pointbypoint/2024-usopen-points-doubles.csv,2024-usopen-points-doubles.csv,2831865
slam_pbp,grand_slam,points,tennis_slam_pointbypoint/2024-usopen-points-mixed.csv,/Users/ajitbehera/Tennis Mater Project/data(github)/tennis_slam_pointbypoint/2024-usopen-points-mixed.csv,2024-usopen-points-mixed.csv,561598
slam_pbp,grand_slam,points,tennis_slam_pointbypoint/2024-usopen-points.csv,/Users/ajitbehera/Tennis Mater Project/data(github)/tennis_slam_pointbypoint/2024-usopen-points.csv,2024-usopen-points.csv,7260912
slam_pbp,grand_slam,points,tennis_slam_pointbypoint/2024-wimbledon-points.csv,/Users/ajitbehera/Tennis Mater Project/data(github)/tennis_slam_pointbypoint/2024-wimbledon-points.csv,2024-wimbledon-points.csv,7827299
wta,tour,matches,tennis_wta/wta_matches_1968.csv,/Users/ajitbehera/Tennis Mater Project/data(github)/tennis_wta/wta_matches_1968.csv,wta_matches_1968.csv,467907
wta,tour,matches,tennis_wta/wta_matches_1969.csv,/Users/ajitbehera/Tennis Mater Project/data(github)/tennis_wta/wta_matches_1969.csv,wta_matches_1969.csv,460327
wta,tour,matches,tennis_wta/wta_matches_1970.csv,/Users/ajitbehera/Tennis Mater Project/data(github)/tennis_wta/wta_matches_1970.csv,wta_matches_1970.csv,466046
wta,tour,matches,tennis_wta/wta_matches_1971.csv,/Users/ajitbehera/Tennis Mater Project/data(github)/tennis_wta/wta_matches_1971.csv,wta_matches_1971.csv,395834
wta,tour,matches,tennis_wta/wta_matches_1972.csv,/Users/ajitbehera/Tennis Mater Project/data(github)/tennis_wta/wta_matches_1972.csv,wta_matches_1972.csv,461023
wta,tour,matches,tennis_wta/wta_matches_1973.csv,/Users/ajitbehera/Tennis Mater Project/data(github)/tennis_wta/wta_matches_1973.csv,wta_matches_1973.csv,460296
wta,tour,matches,tennis_wta/wta_matches_1974.csv,/Users/ajitbehera/Tennis Mater Project/data(github)/tennis_wta/wta_matches_1974.csv,wta_matches_1974.csv,435483
wta,tour,matches,tennis_wta/wta_matches_1975.csv,/Users/ajitbehera/Tennis Mater Project/data(github)/tennis_wta/wta_matches_1975.csv,wta_matches_1975.csv,419181
wta,tour,matches,tennis_wta/wta_matches_1976.csv,/Users/ajitbehera/Tennis Mater Project/data(github)/tennis_wta/wta_matches_1976.csv,wta_matches_1976.csv,352964
wta,tour,matches,tennis_wta/wta_matches_1977.csv,/Users/ajitbehera/Tennis Mater Project/data(github)/tennis_wta/wta_matches_1977.csv,wta_matches_1977.csv,378808
wta,tour,matches,tennis_wta/wta_matches_1978.csv,/Users/ajitbehera/Tennis Mater Project/data(github)/tennis_wta/wta_matches_1978.csv,wta_matches_1978.csv,443782
wta,tour,matches,tennis_wta/wta_matches_1979.csv,/Users/ajitbehera/Tennis Mater Project/data(github)/tennis_wta/wta_matches_1979.csv,wta_matches_1979.csv,368780
wta,tour,matches,tennis_wta/wta_matches_1980.csv,/Users/ajitbehera/Tennis Mater Project/data(github)/tennis_wta/wta_matches_1980.csv,wta_matches_1980.csv,637414
wta,tour,matches,tennis_wta/wta_matches_1981.csv,/Users/ajitbehera/Tennis Mater Project/data(github)/tennis_wta/wta_matches_1981.csv,wta_matches_1981.csv,553889
wta,tour,matches,tennis_wta/wta_matches_1982.csv,/Users/ajitbehera/Tennis Mater Project/data(github)/tennis_wta/wta_matches_1982.csv,wta_matches_1982.csv,485752
wta,tour,matches,tennis_wta/wta_matches_1983.csv,/Users/ajitbehera/Tennis Mater Project/data(github)/tennis_wta/wta_matches_1983.csv,wta_matches_1983.csv,418849
wta,tour,matches,tennis_wta/wta_matches_1984.csv,/Users/ajitbehera/Tennis Mater Project/data(github)/tennis_wta/wta_matches_1984.csv,wta_matches_1984.csv,409977
wta,tour,matches,tennis_wta/wta_matches_1985.csv,/Users/ajitbehera/Tennis Mater Project/data(github)/tennis_wta/wta_matches_1985.csv,wta_matches_1985.csv,464027
wta,tour,matches,tennis_wta/wta_matches_1986.csv,/Users/ajitbehera/Tennis Mater Project/data(github)/tennis_wta/wta_matches_1986.csv,wta_matches_1986.csv,445128
wta,tour,matches,tennis_wta/wta_matches_1987.csv,/Users/ajitbehera/Tennis Mater Project/data(github)/tennis_wta/wta_matches_1987.csv,wta_matches_1987.csv,487449
wta,tour,matches,tennis_wta/wta_matches_1988.csv,/Users/ajitbehera/Tennis Mater Project/data(github)/tennis_wta/wta_matches_1988.csv,wta_matches_1988.csv,513149
wta,tour,matches,tennis_wta/wta_matches_1989.csv,/Users/ajitbehera/Tennis Mater Project/data(github)/tennis_wta/wta_matches_1989.csv,wta_matches_1989.csv,507699
wta,tour,matches,tennis_wta/wta_matches_1990.csv,/Users/ajitbehera/Tennis Mater Project/data(github)/tennis_wta/wta_matches_1990.csv,wta_matches_1990.csv,492677
wta,tour,matches,tennis_wta/wta_matches_1991.csv,/Users/ajitbehera/Tennis Mater Project/data(github)/tennis_wta/wta_matches_1991.csv,wta_matches_1991.csv,498509
wta,tour,matches,tennis_wta/wta_matches_1992.csv,/Users/ajitbehera/Tennis Mater Project/data(github)/tennis_wta/wta_matches_1992.csv,wta_matches_1992.csv,487390
wta,tour,matches,tennis_wta/wta_matches_1993.csv,/Users/ajitbehera/Tennis Mater Project/data(github)/tennis_wta/wta_matches_1993.csv,wta_matches_1993.csv,516676
wta,tour,matches,tennis_wta/wta_matches_1994.csv,/Users/ajitbehera/Tennis Mater Project/data(github)/tennis_wta/wta_matches_1994.csv,wta_matches_1994.csv,474363
wta,tour,matches,tennis_wta/wta_matches_1995.csv,/Users/ajitbehera/Tennis Mater Project/data(github)/tennis_wta/wta_matches_1995.csv,wta_matches_1995.csv,459106
wta,tour,matches,tennis_wta/wta_matches_1996.csv,/Users/ajitbehera/Tennis Mater Project/data(github)/tennis_wta/wta_matches_1996.csv,wta_matches_1996.csv,496739
wta,tour,matches,tennis_wta/wta_matches_1997.csv,/Users/ajitbehera/Tennis Mater Project/data(github)/tennis_wta/wta_matches_1997.csv,wta_matches_1997.csv,550528
wta,tour,matches,tennis_wta/wta_matches_1998.csv,/Users/ajitbehera/Tennis Mater Project/data(github)/tennis_wta/wta_matches_1998.csv,wta_matches_1998.csv,527221
wta,tour,matches,tennis_wta/wta_matches_1999.csv,/Users/ajitbehera/Tennis Mater Project/data(github)/tennis_wta/wta_matches_1999.csv,wta_matches_1999.csv,529749
wta,tour,matches,tennis_wta/wta_matches_2000.csv,/Users/ajitbehera/Tennis Mater Project/data(github)/tennis_wta/wta_matches_2000.csv,wta_matches_2000.csv,535363
wta,tour,matches,tennis_wta/wta_matches_2001.csv,/Users/ajitbehera/Tennis Mater Project/data(github)/tennis_wta/wta_matches_2001.csv,wta_matches_2001.csv,575056
wta,tour,matches,tennis_wta/wta_matches_2002.csv,/Users/ajitbehera/Tennis Mater Project/data(github)/tennis_wta/wta_matches_2002.csv,wta_matches_2002.csv,583350
wta,tour,matches,tennis_wta/wta_matches_2003.csv,/Users/ajitbehera/Tennis Mater Project/data(github)/tennis_wta/wta_matches_2003.csv,wta_matches_2003.csv,557663
wta,tour,matches,tennis_wta/wta_matches_2004.csv,/Users/ajitbehera/Tennis Mater Project/data(github)/tennis_wta/wta_matches_2004.csv,wta_matches_2004.csv,531422
wta,tour,matches,tennis_wta/wta_matches_2005.csv,/Users/ajitbehera/Tennis Mater Project/data(github)/tennis_wta/wta_matches_2005.csv,wta_matches_2005.csv,543401
wta,tour,matches,tennis_wta/wta_matches_2006.csv,/Users/ajitbehera/Tennis Mater Project/data(github)/tennis_wta/wta_matches_2006.csv,wta_matches_2006.csv,549741
wta,tour,matches,tennis_wta/wta_matches_2007.csv,/Users/ajitbehera/Tennis Mater Project/data(github)/tennis_wta/wta_matches_2007.csv,wta_matches_2007.csv,561248
wta,tour,matches,tennis_wta/wta_matches_2008.csv,/Users/ajitbehera/Tennis Mater Project/data(github)/tennis_wta/wta_matches_2008.csv,wta_matches_2008.csv,567310
wta,tour,matches,tennis_wta/wta_matches_2009.csv,/Users/ajitbehera/Tennis Mater Project/data(github)/tennis_wta/wta_matches_2009.csv,wta_matches_2009.csv,562514
wta,tour,matches,tennis_wta/wta_matches_2010.csv,/Users/ajitbehera/Tennis Mater Project/data(github)/tennis_wta/wta_matches_2010.csv,wta_matches_2010.csv,572925
wta,tour,matches,tennis_wta/wta_matches_2011.csv,/Users/ajitbehera/Tennis Mater Project/data(github)/tennis_wta/wta_matches_2011.csv,wta_matches_2011.csv,575703
wta,tour,matches,tennis_wta/wta_matches_2012.csv,/Users/ajitbehera/Tennis Mater Project/data(github)/tennis_wta/wta_matches_2012.csv,wta_matches_2012.csv,584181
wta,tour,matches,tennis_wta/wta_matches_2013.csv,/Users/ajitbehera/Tennis Mater Project/data(github)/tennis_wta/wta_matches_2013.csv,wta_matches_2013.csv,559834
wta,tour,matches,tennis_wta/wta_matches_2014.csv,/Users/ajitbehera/Tennis Mater Project/data(github)/tennis_wta/wta_matches_2014.csv,wta_matches_2014.csv,574337
wta,tour,matches,tennis_wta/wta_matches_2015.csv,/Users/ajitbehera/Tennis Mater Project/data(github)/tennis_wta/wta_matches_2015.csv,wta_matches_2015.csv,550360
wta,tour,matches,tennis_wta/wta_matches_2016.csv,/Users/ajitbehera/Tennis Mater Project/data(github)/tennis_wta/wta_matches_2016.csv,wta_matches_2016.csv,602004
wta,tour,matches,tennis_wta/wta_matches_2017.csv,/Users/ajitbehera/Tennis Mater Project/data(github)/tennis_wta/wta_matches_2017.csv,wta_matches_2017.csv,593130
wta,tour,matches,tennis_wta/wta_matches_2018.csv,/Users/ajitbehera/Tennis Mater Project/data(github)/tennis_wta/wta_matches_2018.csv,wta_matches_2018.csv,572565
wta,tour,matches,tennis_wta/wta_matches_2019.csv,/Users/ajitbehera/Tennis Mater Project/data(github)/tennis_wta/wta_matches_2019.csv,wta_matches_2019.csv,567137
wta,tour,matches,tennis_wta/wta_matches_2020.csv,/Users/ajitbehera/Tennis Mater Project/data(github)/tennis_wta/wta_matches_2020.csv,wta_matches_2020.csv,266525
wta,tour,matches,tennis_wta/wta_matches_2021.csv,/Users/ajitbehera/Tennis Mater Project/data(github)/tennis_wta/wta_matches_2021.csv,wta_matches_2021.csv,531828
wta,tour,matches,tennis_wta/wta_matches_2022.csv,/Users/ajitbehera/Tennis Mater Project/data(github)/tennis_wta/wta_matches_2022.csv,wta_matches_2022.csv,530984
wta,tour,matches,tennis_wta/wta_matches_2023.csv,/Users/ajitbehera/Tennis Mater Project/data(github)/tennis_wta/wta_matches_2023.csv,wta_matches_2023.csv,569610
wta,tour,matches,tennis_wta/wta_matches_2024.csv,/Users/ajitbehera/Tennis Mater Project/data(github)/tennis_wta/wta_matches_2024.csv,wta_matches_2024.csv,542425
wta,tour,matches,tennis_wta/wta_matches_qual_itf_1968.csv,/Users/ajitbehera/Tennis Mater Project/data(github)/tennis_wta/wta_matches_qual_itf_1968.csv,wta_matches_qual_itf_1968.csv,16810
wta,tour,matches,tennis_wta/wta_matches_qual_itf_1969.csv,/Users/ajitbehera/Tennis Mater Project/data(github)/tennis_wta/wta_matches_qual_itf_1969.csv,wta_matches_qual_itf_1969.csv,28655
wta,tour,matches,tennis_wta/wta_matches_qual_itf_1970.csv,/Users/ajitbehera/Tennis Mater Project/data(github)/tennis_wta/wta_matches_qual_itf_1970.csv,wta_matches_qual_itf_1970.csv,30611
wta,tour,matches,tennis_wta/wta_matches_qual_itf_1971.csv,/Users/ajitbehera/Tennis Mater Project/data(github)/tennis_wta/wta_matches_qual_itf_1971.csv,wta_matches_qual_itf_1971.csv,26965
wta,tour,matches,tennis_wta/wta_matches_qual_itf_1972.csv,/Users/ajitbehera/Tennis Mater Project/data(github)/tennis_wta/wta_matches_qual_itf_1972.csv,wta_matches_qual_itf_1972.csv,103649
wta,tour,matches,tennis_wta/wta_matches_qual_itf_1973.csv,/Users/ajitbehera/Tennis Mater Project/data(github)/tennis_wta/wta_matches_qual_itf_1973.csv,wta_matches_qual_itf_1973.csv,115294
wta,tour,matches,tennis_wta/wta_matches_qual_itf_1974.csv,/Users/ajitbehera/Tennis Mater Project/data(github)/tennis_wta/wta_matches_qual_itf_1974.csv,wta_matches_qual_itf_1974.csv,64582
wta,tour,matches,tennis_wta/wta_matches_qual_itf_1975.csv,/Users/ajitbehera/Tennis Mater Project/data(github)/tennis_wta/wta_matches_qual_itf_1975.csv,wta_matches_qual_itf_1975.csv,63615
wta,tour,matches,tennis_wta/wta_matches_qual_itf_1976.csv,/Users/ajitbehera/Tennis Mater Project/data(github)/tennis_wta/wta_matches_qual_itf_1976.csv,wta_matches_qual_itf_1976.csv,34910
wta,tour,matches,tennis_wta/wta_matches_qual_itf_1977.csv,/Users/ajitbehera/Tennis Mater Project/data(github)/tennis_wta/wta_matches_qual_itf_1977.csv,wta_matches_qual_itf_1977.csv,65148
wta,tour,matches,tennis_wta/wta_matches_qual_itf_1978.csv,/Users/ajitbehera/Tennis Mater Project/data(github)/tennis_wta/wta_matches_qual_itf_1978.csv,wta_matches_qual_itf_1978.csv,45471
wta,tour,matches,tennis_wta/wta_matches_qual_itf_1979.csv,/Users/ajitbehera/Tennis Mater Project/data(github)/tennis_wta/wta_matches_qual_itf_1979.csv,wta_matches_qual_itf_1979.csv,162909
wta,tour,matches,tennis_wta/wta_matches_qual_itf_1980.csv,/Users/ajitbehera/Tennis Mater Project/data(github)/tennis_wta/wta_matches_qual_itf_1980.csv,wta_matches_qual_itf_1980.csv,393698
wta,tour,matches,tennis_wta/wta_matches_qual_itf_1981.csv,/Users/ajitbehera/Tennis Mater Project/data(github)/tennis_wta/wta_matches_qual_itf_1981.csv,wta_matches_qual_itf_1981.csv,280509
wta,tour,matches,tennis_wta/wta_matches_qual_itf_1982.csv,/Users/ajitbehera/Tennis Mater Project/data(github)/tennis_wta/wta_matches_qual_itf_1982.csv,wta_matches_qual_itf_1982.csv,283398
wta,tour,matches,tennis_wta/wta_matches_qual_itf_1983.csv,/Users/ajitbehera/Tennis Mater Project/data(github)/tennis_wta/wta_matches_qual_itf_1983.csv,wta_matches_qual_itf_1983.csv,386853
wta,tour,matches,tennis_wta/wta_matches_qual_itf_1984.csv,/Users/ajitbehera/Tennis Mater Project/data(github)/tennis_wta/wta_matches_qual_itf_1984.csv,wta_matches_qual_itf_1984.csv,410491
wta,tour,matches,tennis_wta/wta_matches_qual_itf_1985.csv,/Users/ajitbehera/Tennis Mater Project/data(github)/tennis_wta/wta_matches_qual_itf_1985.csv,wta_matches_qual_itf_1985.csv,500168
wta,tour,matches,tennis_wta/wta_matches_qual_itf_1986.csv,/Users/ajitbehera/Tennis Mater Project/data(github)/tennis_wta/wta_matches_qual_itf_1986.csv,wta_matches_qual_itf_1986.csv,533405
wta,tour,matches,tennis_wta/wta_matches_qual_itf_1987.csv,/Users/ajitbehera/Tennis Mater Project/data(github)/tennis_wta/wta_matches_qual_itf_1987.csv,wta_matches_qual_itf_1987.csv,649908
wta,tour,matches,tennis_wta/wta_matches_qual_itf_1988.csv,/Users/ajitbehera/Tennis Mater Project/data(github)/tennis_wta/wta_matches_qual_itf_1988.csv,wta_matches_qual_itf_1988.csv,978745
wta,tour,matches,tennis_wta/wta_matches_qual_itf_1989.csv,/Users/ajitbehera/Tennis Mater Project/data(github)/tennis_wta/wta_matches_qual_itf_1989.csv,wta_matches_qual_itf_1989.csv,1100477
wta,tour,matches,tennis_wta/wta_matches_qual_itf_1990.csv,/Users/ajitbehera/Tennis Mater Project/data(github)/tennis_wta/wta_matches_qual_itf_1990.csv,wta_matches_qual_itf_1990.csv,1276981
wta,tour,matches,tennis_wta/wta_matches_qual_itf_1991.csv,/Users/ajitbehera/Tennis Mater Project/data(github)/tennis_wta/wta_matches_qual_itf_1991.csv,wta_matches_qual_itf_1991.csv,1529115
wta,tour,matches,tennis_wta/wta_matches_qual_itf_1992.csv,/Users/ajitbehera/Tennis Mater Project/data(github)/tennis_wta/wta_matches_qual_itf_1992.csv,wta_matches_qual_itf_1992.csv,1552393
wta,tour,matches,tennis_wta/wta_matches_qual_itf_1993.csv,/Users/ajitbehera/Tennis Mater Project/data(github)/tennis_wta/wta_matches_qual_itf_1993.csv,wta_matches_qual_itf_1993.csv,1636587
wta,tour,matches,tennis_wta/wta_matches_qual_itf_1994.csv,/Users/ajitbehera/Tennis Mater Project/data(github)/tennis_wta/wta_matches_qual_itf_1994.csv,wta_matches_qual_itf_1994.csv,1597908
wta,tour,matches,tennis_wta/wta_matches_qual_itf_1995.csv,/Users/ajitbehera/Tennis Mater Project/data(github)/tennis_wta/wta_matches_qual_itf_1995.csv,wta_matches_qual_itf_1995.csv,1779328
wta,tour,matches,tennis_wta/wta_matches_qual_itf_1996.csv,/Users/ajitbehera/Tennis Mater Project/data(github)/tennis_wta/wta_matches_qual_itf_1996.csv,wta_matches_qual_itf_1996.csv,1446620
wta,tour,matches,tennis_wta/wta_matches_qual_itf_1997.csv,/Users/ajitbehera/Tennis Mater Project/data(github)/tennis_wta/wta_matches_qual_itf_1997.csv,wta_matches_qual_itf_1997.csv,1671117
wta,tour,matches,tennis_wta/wta_matches_qual_itf_1998.csv,/Users/ajitbehera/Tennis Mater Project/data(github)/tennis_wta/wta_matches_qual_itf_1998.csv,wta_matches_qual_itf_1998.csv,1776959
wta,tour,matches,tennis_wta/wta_matches_qual_itf_1999.csv,/Users/ajitbehera/Tennis Mater Project/data(github)/tennis_wta/wta_matches_qual_itf_1999.csv,wta_matches_qual_itf_1999.csv,1687515
wta,tour,matches,tennis_wta/wta_matches_qual_itf_2000.csv,/Users/ajitbehera/Tennis Mater Project/data(github)/tennis_wta/wta_matches_qual_itf_2000.csv,wta_matches_qual_itf_2000.csv,2045389
wta,tour,matches,tennis_wta/wta_matches_qual_itf_2001.csv,/Users/ajitbehera/Tennis Mater Project/data(github)/tennis_wta/wta_matches_qual_itf_2001.csv,wta_matches_qual_itf_2001.csv,1936916
wta,tour,matches,tennis_wta/wta_matches_qual_itf_2002.csv,/Users/ajitbehera/Tennis Mater Project/data(github)/tennis_wta/wta_matches_qual_itf_2002.csv,wta_matches_qual_itf_2002.csv,2033236
wta,tour,matches,tennis_wta/wta_matches_qual_itf_2003.csv,/Users/ajitbehera/Tennis Mater Project/data(github)/tennis_wta/wta_matches_qual_itf_2003.csv,wta_matches_qual_itf_2003.csv,2100428
wta,tour,matches,tennis_wta/wta_matches_qual_itf_2004.csv,/Users/ajitbehera/Tennis Mater Project/data(github)/tennis_wta/wta_matches_qual_itf_2004.csv,wta_matches_qual_itf_2004.csv,2332020
wta,tour,matches,tennis_wta/wta_matches_qual_itf_2005.csv,/Users/ajitbehera/Tennis Mater Project/data(github)/tennis_wta/wta_matches_qual_itf_2005.csv,wta_matches_qual_itf_2005.csv,2488303
wta,tour,matches,tennis_wta/wta_matches_qual_itf_2006.csv,/Users/ajitbehera/Tennis Mater Project/data(github)/tennis_wta/wta_matches_qual_itf_2006.csv,wta_matches_qual_itf_2006.csv,2668247
wta,tour,matches,tennis_wta/wta_matches_qual_itf_2007.csv,/Users/ajitbehera/Tennis Mater Project/data(github)/tennis_wta/wta_matches_qual_itf_2007.csv,wta_matches_qual_itf_2007.csv,2728020
wta,tour,matches,tennis_wta/wta_matches_qual_itf_2008.csv,/Users/ajitbehera/Tennis Mater Project/data(github)/tennis_wta/wta_matches_qual_itf_2008.csv,wta_matches_qual_itf_2008.csv,2820444
wta,tour,matches,tennis_wta/wta_matches_qual_itf_2009.csv,/Users/ajitbehera/Tennis Mater Project/data(github)/tennis_wta/wta_matches_qual_itf_2009.csv,wta_matches_qual_itf_2009.csv,2865356
wta,tour,matches,tennis_wta/wta_matches_qual_itf_2010.csv,/Users/ajitbehera/Tennis Mater Project/data(github)/tennis_wta/wta_matches_qual_itf_2010.csv,wta_matches_qual_itf_2010.csv,2996255
wta,tour,matches,tennis_wta/wta_matches_qual_itf_2011.csv,/Users/ajitbehera/Tennis Mater Project/data(github)/tennis_wta/wta_matches_qual_itf_2011.csv,wta_matches_qual_itf_2011.csv,3223037
wta,tour,matches,tennis_wta/wta_matches_qual_itf_2012.csv,/Users/ajitbehera/Tennis Mater Project/data(github)/tennis_wta/wta_matches_qual_itf_2012.csv,wta_matches_qual_itf_2012.csv,3131058
wta,tour,matches,tennis_wta/wta_matches_qual_itf_2013.csv,/Users/ajitbehera/Tennis Mater Project/data(github)/tennis_wta/wta_matches_qual_itf_2013.csv,wta_matches_qual_itf_2013.csv,3507164
wta,tour,matches,tennis_wta/wta_matches_qual_itf_2014.csv,/Users/ajitbehera/Tennis Mater Project/data(github)/tennis_wta/wta_matches_qual_itf_2014.csv,wta_matches_qual_itf_2014.csv,3540179
wta,tour,matches,tennis_wta/wta_matches_qual_itf_2015.csv,/Users/ajitbehera/Tennis Mater Project/data(github)/tennis_wta/wta_matches_qual_itf_2015.csv,wta_matches_qual_itf_2015.csv,3688013
wta,tour,matches,tennis_wta/wta_matches_qual_itf_2016.csv,/Users/ajitbehera/Tennis Mater Project/data(github)/tennis_wta/wta_matches_qual_itf_2016.csv,wta_matches_qual_itf_2016.csv,3640667
wta,tour,matches,tennis_wta/wta_matches_qual_itf_2017.csv,/Users/ajitbehera/Tennis Mater Project/data(github)/tennis_wta/wta_matches_qual_itf_2017.csv,wta_matches_qual_itf_2017.csv,3569124
wta,tour,matches,tennis_wta/wta_matches_qual_itf_2018.csv,/Users/ajitbehera/Tennis Mater Project/data(github)/tennis_wta/wta_matches_qual_itf_2018.csv,wta_matches_qual_itf_2018.csv,3494148
wta,tour,matches,tennis_wta/wta_matches_qual_itf_2019.csv,/Users/ajitbehera/Tennis Mater Project/data(github)/tennis_wta/wta_matches_qual_itf_2019.csv,wta_matches_qual_itf_2019.csv,5385934
wta,tour,matches,tennis_wta/wta_matches_qual_itf_2020.csv,/Users/ajitbehera/Tennis Mater Project/data(github)/tennis_wta/wta_matches_qual_itf_2020.csv,wta_matches_qual_itf_2020.csv,1754866
wta,tour,matches,tennis_wta/wta_matches_qual_itf_2021.csv,/Users/ajitbehera/Tennis Mater Project/data(github)/tennis_wta/wta_matches_qual_itf_2021.csv,wta_matches_qual_itf_2021.csv,4482919
wta,tour,matches,tennis_wta/wta_matches_qual_itf_2022.csv,/Users/ajitbehera/Tennis Mater Project/data(github)/tennis_wta/wta_matches_qual_itf_2022.csv,wta_matches_qual_itf_2022.csv,6107506
wta,tour,matches,tennis_wta/wta_matches_qual_itf_2023.csv,/Users/ajitbehera/Tennis Mater Project/data(github)/tennis_wta/wta_matches_qual_itf_2023.csv,wta_matches_qual_itf_2023.csv,6318123
wta,tour,matches,tennis_wta/wta_matches_qual_itf_2024.csv,/Users/ajitbehera/Tennis Mater Project/data(github)/tennis_wta/wta_matches_qual_itf_2024.csv,wta_matches_qual_itf_2024.csv,7022486
wta,tour,players,tennis_wta/wta_players.csv,/Users/ajitbehera/Tennis Mater Project/data(github)/tennis_wta/wta_players.csv,wta_players.csv,2358637
wta,tour,rankings,tennis_wta/wta_rankings_00s.csv,/Users/ajitbehera/Tennis Mater Project/data(github)/tennis_wta/wta_rankings_00s.csv,wta_rankings_00s.csv,14364170
wta,tour,rankings,tennis_wta/wta_rankings_10s.csv,/Users/ajitbehera/Tennis Mater Project/data(github)/tennis_wta/wta_rankings_10s.csv,wta_rankings_10s.csv,15766990
wta,tour,rankings,tennis_wta/wta_rankings_20s.csv,/Users/ajitbehera/Tennis Mater Project/data(github)/tennis_wta/wta_rankings_20s.csv,wta_rankings_20s.csv,6788689
wta,tour,rankings,tennis_wta/wta_rankings_80s.csv,/Users/ajitbehera/Tennis Mater Project/data(github)/tennis_wta/wta_rankings_80s.csv,wta_rankings_80s.csv,1724553
wta,tour,rankings,tennis_wta/wta_rankings_90s.csv,/Users/ajitbehera/Tennis Mater Project/data(github)/tennis_wta/wta_rankings_90s.csv,wta_rankings_90s.csv,9893565
wta,tour,rankings,tennis_wta/wta_rankings_current.csv,/Users/ajitbehera/Tennis Mater Project/data(github)/tennis_wta/wta_rankings_current.csv,wta_rankings_current.csv,1908801
